issue_time,arm,realised_cost_eur,planned_cost_eur,peak_import_mw,grid_import_mwh,grid_export_mwh,curtailed_mwh,throughput_mwh,wholesale_energy_cost_eur,terminal_soc_mwh,clipped_periods,mean_soc_mwh,solve_time_s
2020-01-01 00:00:00+00:00,no battery,1202.7435625700002,1202.74356257,0.675984,12.563635999999999,0.0,0.0,0.0,445.54548257,0.5,0.0,0.5,0.056421200002660044
2020-01-01 00:00:00+00:00,rule-based,1166.0355625700001,1166.0355625700001,0.675984,12.183636,0.0,0.0,0.38,430.87748257,0.09999999999999998,0.0,0.09999999999999998,0.0
2020-01-01 00:00:00+00:00,forecast,1203.6023795196231,1473.3136830152725,0.7216260560603549,12.604688631578949,0.0,0.0,0.8010526315789475,442.1108260814266,0.5,0.0,0.7417224300767545,0.02584650000790134
2020-01-01 00:00:00+00:00,forecast + actual price,1202.8398397921248,1332.1314689207284,0.635166,12.584953522494612,0.0,0.0,0.41596499021534905,443.7348684620175,0.5,0.0,0.5724017576588695,0.024806499990518205
2020-01-01 00:00:00+00:00,forecast + actual load,1203.5843954502634,1356.8510958249342,0.7192018157894737,12.604688631578949,0.0,0.0,0.8010526315789475,442.10496321342106,0.49999999999999994,0.0,0.7416540989583332,0.02319980000902433
2020-01-01 00:00:00+00:00,forecast + actual PV,1203.6136173543669,1436.6919495571194,0.7216260560603549,12.604688631578949,0.0,0.0,0.8010526315789475,442.1220639161703,0.49999999999999994,0.0,0.7415873924086015,0.0279378999985056
2020-01-01 00:00:00+00:00,perfect foresight,1202.6548319505,1202.6548319505,0.635166,12.60428141,0.0,0.0,0.7931065900000002,441.6359041705,0.49999999999999994,0.0,0.6155108048245614,0.02296319999732077
2020-01-02 00:00:00+00:00,no battery,1585.6578872199998,1585.65788722,0.822021,15.995574,0.0,0.0,0.0,621.81334222,0.5,0.0,0.5,0.027898499989532866
2020-01-02 00:00:00+00:00,rule-based,1585.6578872199998,1585.6578872199998,0.822021,15.995574,0.0,0.0,0.0,621.81334222,0.1,0.0,0.10000000000000002,0.0
2020-01-02 00:00:00+00:00,forecast,1584.0161913416641,1465.335707979545,0.817771,16.036113585183987,0.0,0.0,0.7910416493593171,616.1784379319064,0.5,0.0,0.7389816989151509,0.024040799995418638
2020-01-02 00:00:00+00:00,forecast + actual price,1580.3477886895998,1389.0176333356137,0.8542310141705975,16.077679263157897,0.0,0.0,1.602105263157895,608.2116673029574,0.5,0.0,0.6234264957128479,0.025947999994968995
2020-01-02 00:00:00+00:00,forecast + actual load,1583.9003414881488,1655.5224784324244,0.7839069999999999,16.036626631578947,0.0,0.0,0.8010526315789476,616.1811033302542,0.5,0.0,0.7428008683455579,0.020143399990047328
2020-01-02 00:00:00+00:00,forecast + actual PV,1584.0161913416641,1473.8485349608943,0.817771,16.036113585183987,0.0,0.0,0.7910416493593171,616.1784379319064,0.49999999999999994,0.0,0.7389816989151509,0.022924800010514446
2020-01-02 00:00:00+00:00,perfect foresight,1580.325127245,1580.325127245,0.8531108157894737,16.077679263157897,0.0,0.0,1.602105263157895,608.1946068502632,0.4999999999999999,0.0,0.6249555745614035,0.019999800002551638
2020-01-03 00:00:00+00:00,no battery,1485.96707592,1485.96707592,0.815011,16.976474000000003,0.0,0.0,0.0,463.30358092,0.5,0.0,0.5,0.026736400002846494
2020-01-03 00:00:00+00:00,rule-based,1485.96707592,1485.96707592,0.815011,16.976474000000003,0.0,0.0,0.0,463.30358092,0.1,0.0,0.10000000000000002,0.0
2020-01-03 00:00:00+00:00,forecast,1473.8994130252631,1550.5591833729331,1.0323626315789474,17.058579263157895,0.0,0.0,1.6021052631578947,442.0186335515789,0.5,0.0,0.6280701754385966,0.026054100002511404
2020-01-03 00:00:00+00:00,forecast + actual price,1472.524852238814,1429.2673635552007,0.844225489026829,17.085690155538792,0.0,0.0,2.131115240128711,438.9000849810949,0.5,0.0,0.6241346780231007,0.021112199989147484
2020-01-03 00:00:00+00:00,forecast + actual load,1473.8994130252631,1547.3793122196114,1.0323626315789474,17.058579263157895,0.0,0.0,1.6021052631578947,442.0186335515789,0.5,0.0,0.6280701754385966,0.020088699995540082
2020-01-03 00:00:00+00:00,forecast + actual PV,1473.8994130252631,1597.77138467998,1.0323626315789474,17.058579263157895,0.0,0.0,1.602105263157895,442.0186335515789,0.4999999999999999,0.0,0.6280701754385966,0.0183987999917008
2020-01-03 00:00:00+00:00,perfect foresight,1472.4521154558527,1472.4521154558527,0.8384938157894737,17.088655167697368,0.0,0.0,2.188970990197368,438.5623943346684,0.4999999999999999,0.0,0.6221345422697369,0.01836580000235699
2020-01-04 00:00:00+00:00,no battery,1316.46169403,1316.46169403,0.78846,16.149804,0.0,0.0,0.0,343.53115403000004,0.5,0.0,0.5,0.02463099999295082
2020-01-04 00:00:00+00:00,rule-based,1316.46169403,1316.46169403,0.78846,16.149804,0.0,0.0,0.0,343.53115403000004,0.1,0.0,0.10000000000000002,0.0
2020-01-04 00:00:00+00:00,forecast,1313.7510154603208,1335.5653728826023,0.7725920802627427,16.20660924624891,0.0,0.0,1.1084305742414995,335.27463913558984,0.4999999999999997,0.0,0.7085359607201521,0.021946599998045713
2020-01-04 00:00:00+00:00,forecast + actual price,1303.5728681203411,1215.8972228176185,1.126642230241984,16.27371660310649,0.0,0.0,2.41788438369327,316.6808920153553,0.49999999999999983,0.0,0.7002313080015189,0.025047200004337355
2020-01-04 00:00:00+00:00,forecast + actual load,1313.5413109715587,1404.4858146797844,0.760597352986347,16.207227440032998,0.0,0.0,1.1204932785926003,335.06369124746186,0.5000000000000001,0.0,0.7047465260629072,0.03006779999122955
2020-01-04 00:00:00+00:00,forecast + actual PV,1313.7327165664815,1368.587640119829,0.7688613939430624,16.206800437794858,0.0,0.0,1.1121612605611797,335.2560608079525,0.4999999999999998,0.0,0.7075877435388239,0.021161700002267025
2020-01-04 00:00:00+00:00,perfect foresight,1303.3728803691238,1303.3728803691238,1.0165146315789475,16.262979162236842,0.0,0.0,2.2083666272368427,318.09482422254473,0.4999999999999997,0.0,0.7043364729166667,0.02383679999911692
2020-01-05 00:00:00+00:00,no battery,1388.93081813,1388.93081813,0.737223,14.454763,0.0,0.0,0.0,517.9589231299999,0.5,0.0,0.5,0.022846000007120892
2020-01-05 00:00:00+00:00,rule-based,1388.93081813,1388.93081813,0.737223,14.454763,0.0,0.0,0.0,517.9589231299999,0.1,0.0,0.10000000000000002,0.0
2020-01-05 00:00:00+00:00,forecast,1393.1206405323303,1343.8311433206677,0.7071863492915134,14.495815631578946,0.0,0.0,0.8010526315789481,518.2336656279779,0.49999999999999967,0.0,0.812374482374965,0.020307800004957244
2020-01-05 00:00:00+00:00,forecast + actual price,1387.6480750127614,1375.0222413167355,0.7156041008036068,14.511737022861382,0.0,0.0,1.111723881987485,511.1423853730854,0.49999999999999983,0.0,0.6963652858707589,0.024402399998507462
2020-01-05 00:00:00+00:00,forecast + actual load,1392.591182033532,1356.695921908157,0.6939391225294723,14.495815631578946,0.0,0.0,0.8010526315789472,517.7704432629898,0.5,0.0,0.8031394728835203,0.025531200008117594
2020-01-05 00:00:00+00:00,forecast + actual PV,1392.8488572372194,1343.2114901522589,0.699454226762041,14.495815631578948,0.0,0.0,0.8010526315789479,518.0005429455143,0.4999999999999997,0.0,0.8082887315309183,0.02107639999303501
2020-01-05 00:00:00+00:00,perfect foresight,1387.5216366981515,1387.5216366981515,0.6981084132720103,14.513815284666988,0.0,0.0,1.1522766315789479,510.89762428861434,0.49999999999999933,0.0,0.6888381630836907,0.02362629999697674
2020-01-06 00:00:00+00:00,no battery,1677.4573110400001,1677.4573110400001,0.865988,16.919041999999997,0.0,0.0,0.0,657.98485104,0.5,0.0,0.5,0.03055569999560248
2020-01-06 00:00:00+00:00,rule-based,1677.4573110400001,1677.4573110400001,0.865988,16.919041999999997,0.0,0.0,0.0,657.98485104,0.1,0.0,0.10000000000000002,0.0
2020-01-06 00:00:00+00:00,forecast,1674.4694353026093,1713.703804173678,0.8369839858133331,16.960094631578947,0.0,0.0,0.801052631578948,651.076732215648,0.49999999999999967,0.0,0.742597393991311,0.021277899999404326
2020-01-06 00:00:00+00:00,forecast + actual price,1673.5817533658042,1711.3905430966065,0.8521311598249317,16.98979518778192,0.0,0.0,1.380594253898478,647.1721977919675,0.49999999999999967,0.0,0.6658418109195577,0.02337140000599902
2020-01-06 00:00:00+00:00,forecast + actual load,1674.4245745736748,1694.5536613657403,0.8103568767829042,16.960094631578947,0.0,0.0,0.8010526315789475,651.1650070318658,0.49999999999999994,0.0,0.7423270355762698,0.0231225000025006
2020-01-06 00:00:00+00:00,forecast + actual PV,1674.4515554184081,1695.5293752514003,0.8361551090304289,16.960094631578947,0.0,0.0,0.8010526315789481,651.0629967153612,0.49999999999999967,0.0,0.7426057662001287,0.02654509998683352
2020-01-06 00:00:00+00:00,perfect foresight,1673.5075990797632,1673.5075990797632,0.847833,16.99338678657895,0.0,0.0,1.4506764765789484,646.7638739318684,0.4999999999999994,0.0,0.6562940974780699,0.022233499999856576
2020-01-07 00:00:00+00:00,no battery,1951.84652213,1951.84652213,0.926528,19.280759,0.0,0.0,0.0,790.36834213,0.5,0.0,0.5,0.022627800004556775
2020-01-07 00:00:00+00:00,rule-based,1951.84652213,1951.84652213,0.926528,19.280759,0.0,0.0,0.0,790.36834213,0.1,0.0,0.10000000000000002,0.0
2020-01-07 00:00:00+00:00,forecast,1950.012109492681,1818.0658027601921,0.901195,19.321811631578946,0.0,0.0,0.8010526315789481,784.595331334786,0.49999999999999956,0.0,0.7405595739867182,0.024096000008285046
2020-01-07 00:00:00+00:00,forecast + actual price,1942.2370852878946,1777.595925317259,1.109320631578947,19.362864263157892,0.0,0.0,1.602105263157895,771.7144158142105,0.49999999999999967,0.0,0.3385964912280701,0.021977999989758246
2020-01-07 00:00:00+00:00,forecast + actual load,1949.8727575459777,1924.6361651594505,0.901195,19.321811631578946,0.0,0.0,0.8010526315789476,784.4559793880828,0.4999999999999998,0.0,0.742628335330967,0.022584399994229898
2020-01-07 00:00:00+00:00,forecast + actual PV,1949.961242780396,1875.6341256055407,0.901195,19.321811631578946,0.0,0.0,0.8010526315789481,784.5444646225011,0.49999999999999967,0.0,0.7406983205075108,0.02385300000605639
2020-01-07 00:00:00+00:00,perfect foresight,1942.2370852878946,1942.2370852878946,1.1093206315789468,19.362864263157896,0.0,0.0,1.602105263157895,771.7144158142105,0.49999999999999933,0.0,0.3385964912280701,0.023698399993008934
2020-01-08 00:00:00+00:00,no battery,1893.4499600000001,1893.44996,0.937087,19.730296,0.0,0.0,0.0,704.9467649999999,0.5,0.0,0.5,0.024278500000946224
2020-01-08 00:00:00+00:00,rule-based,1893.4499600000001,1893.4499600000001,0.937087,19.730296,0.0,0.0,0.0,704.9467649999999,0.1,0.0,0.10000000000000002,0.0
2020-01-08 00:00:00+00:00,forecast,1875.555852599097,1795.5267545568133,0.937087,19.790595331332774,0.0,0.0,1.1766100293394746,681.0814776604522,0.49999999999999956,0.0,0.6942894614639998,0.13890350000292528
2020-01-08 00:00:00+00:00,forecast + actual price,1874.9751627280073,1811.2711700362318,0.937087,19.793375781178504,0.0,0.0,1.2308644481241156,680.225451961049,0.49999999999999967,0.0,0.7110492611095539,0.021836299987626262
2020-01-08 00:00:00+00:00,forecast + actual load,1875.9520563760236,1809.9150027138594,0.9224089999999999,19.795418072216385,0.0,0.0,1.2707153065812322,681.0734964298782,0.4999999999999998,0.0,0.6667162159404887,0.020834000009926967
2020-01-08 00:00:00+00:00,forecast + actual PV,1875.5537287196103,1845.3557497289028,0.937087,19.79138320322845,0.0,0.0,1.191983632226883,681.0013342614495,0.4999999999999999,0.0,0.6917994056690092,0.018915299995569512
2020-01-08 00:00:00+00:00,perfect foresight,1874.6611867992683,1874.6611867992683,0.937087,19.799861141578944,0.0,0.0,1.3574121215789487,679.2692590613736,0.49999999999999933,0.0,0.6978964191885964,0.022037000002455898
2020-01-09 00:00:00+00:00,no battery,1855.6846419099998,1855.68464191,0.938993,19.179539,0.0,0.0,0.0,700.2173369100001,0.5,0.0,0.5,0.022391399994376116
2020-01-09 00:00:00+00:00,rule-based,1855.6846419099998,1855.6846419099998,0.938993,19.179539,0.0,0.0,0.0,700.2173369100001,0.1,0.0,0.10000000000000002,0.0
2020-01-09 00:00:00+00:00,forecast,1857.055114151535,1994.147410022439,0.9146299999999999,19.244611149321027,0.0,0.0,1.2697411700846617,695.2658128521043,0.49999999999999956,0.0,0.6946703373227235,0.025303899994469248
2020-01-09 00:00:00+00:00,forecast + actual price,1851.947205732343,1826.7029465935639,0.938993,19.261644263157894,0.0,0.0,1.602105263157895,688.3493744165536,0.4999999999999996,0.0,0.28721741194129424,0.021821499991347082
2020-01-09 00:00:00+00:00,forecast + actual load,1857.045053676739,2032.0010617452272,0.9146299999999999,19.244507181242042,0.0,0.0,1.2677124596203737,695.2660478829757,0.4999999999999998,0.0,0.6926519876748541,0.021943899992038496
2020-01-09 00:00:00+00:00,forecast + actual PV,1857.037254948513,1986.0702503020443,0.9146299999999999,19.245372486062422,0.0,0.0,1.2845969972693063,695.1725617902292,0.4999999999999999,0.0,0.6921976197011007,0.01972100000421051
2020-01-09 00:00:00+00:00,perfect foresight,1851.7708303005263,1851.7708303005263,0.938993,19.261644263157894,0.0,0.0,1.6021052631578947,688.1729989847369,0.49999999999999933,0.0,0.2892125266447367,0.02049280000210274
2020-01-10 00:00:00+00:00,no battery,1792.6720413799999,1792.6720413799999,0.912727,18.670977,0.0,0.0,0.0,667.84978638,0.5,0.0,0.5,0.030689899998833425
2020-01-10 00:00:00+00:00,rule-based,1792.6720413799999,1792.6720413799999,0.912727,18.670977,0.0,0.0,0.0,667.84978638,0.1,0.0,0.10000000000000002,0.0
2020-01-10 00:00:00+00:00,forecast,1792.3082185352184,1790.4108317408027,1.0728419013692796,18.753082263157893,0.0,0.0,1.602105263157895,658.5548627125825,0.49999999999999956,0.0,0.6222560992988695,0.026289299989002757
2020-01-10 00:00:00+00:00,forecast + actual price,1787.5484582005636,1770.433664398534,0.9461118713822724,18.76604625207756,0.0,0.0,1.8550692520775631,653.1449852148436,0.4999999999999996,0.0,0.6445362515802846,0.02208979999704752
2020-01-10 00:00:00+00:00,forecast + actual load,1792.2848318626316,1820.55571831377,1.0684376315789472,18.753082263157893,0.0,0.0,1.6021052631578947,658.5534973889473,0.4999999999999998,0.0,0.6224304349780702,0.023210400002426468
2020-01-10 00:00:00+00:00,forecast + actual PV,1792.3082185352182,1776.924208953182,1.0728419013692796,18.753082263157893,0.0,0.0,1.602105263157895,658.5548627125825,0.4999999999999999,0.0,0.6222560992988696,0.022245800006203353
2020-01-10 00:00:00+00:00,perfect foresight,1787.495241584321,1787.4952415843213,0.9357056551246539,18.766046252077565,0.0,0.0,1.8550692520775636,653.1437996798892,0.4999999999999993,0.0,0.646285184594298,0.02412499999627471
2020-01-11 00:00:00+00:00,no battery,1462.75524025,1462.75524025,0.802791,15.962238000000001,0.0,0.0,0.0,501.00700525,0.5,0.0,0.5,0.02580949998809956
2020-01-11 00:00:00+00:00,rule-based,1462.75524025,1462.75524025,0.802791,15.962238000000001,0.0,0.0,0.0,501.00700525,0.1,0.0,0.10000000000000002,0.0
2020-01-11 00:00:00+00:00,forecast,1465.5532577718293,1550.01794474581,0.7751314891223766,16.00329063157895,0.0,0.0,0.8010526315789482,499.87805716832247,0.49999999999999956,0.0,0.7301289068993583,0.0268971000041347
2020-01-11 00:00:00+00:00,forecast + actual price,1460.9038914739972,1501.8125998753649,0.8294871227204919,16.00329063157895,0.0,0.0,0.8010526315789466,494.9569127024997,0.49999999999999967,0.0,0.3966569371783419,0.02441819998784922
2020-01-11 00:00:00+00:00,forecast + actual load,1465.4847819977506,1525.3740207486037,0.7576478651139762,16.00329063157895,0.0,0.0,0.8010526315789478,499.89699951428577,0.49999999999999967,0.0,0.7322387403539148,0.026302800004486926
2020-01-11 00:00:00+00:00,forecast + actual PV,1465.5511160831938,1534.9568756968551,0.7812485425663211,16.00329063157895,0.0,0.0,0.8010526315789477,499.8453302124677,0.4999999999999999,0.0,0.7291493254402029,0.03260940000473056
2020-01-11 00:00:00+00:00,perfect foresight,1460.831018233158,1460.831018233158,0.8040198771929822,16.00329063157895,0.0,0.0,0.8010526315789459,495.0113756892983,0.4999999999999992,0.0,0.40057537847222163,0.023484599994844757
2020-01-12 00:00:00+00:00,no battery,1271.5901474300001,1271.59014743,0.782084,15.300547000000002,0.0,0.0,0.0,349.64690743,0.5,0.0,0.5,0.02867580000020098
2020-01-12 00:00:00+00:00,rule-based,1271.5901474300001,1271.5901474300001,0.782084,15.300547000000002,0.0,0.0,0.0,349.64690743,0.1,0.0,0.10000000000000002,0.0
2020-01-12 00:00:00+00:00,forecast,1271.6524732802832,1305.1399091189953,0.7605928982724994,15.304737658710883,0.0,0.0,0.0817715712559309,349.4017061237556,0.49999999999999956,0.0,0.5251656465947524,0.029472499998519197
2020-01-12 00:00:00+00:00,forecast + actual price,1271.5974726171828,1234.675830304312,0.768673,15.302991819556464,0.0,0.0,0.04770532519151012,349.4791877934121,0.4999999999999997,0.0,0.5119106593776435,0.023562200003652833
2020-01-12 00:00:00+00:00,forecast + actual load,1271.6152429212582,1341.7818826871546,0.7630898977234328,15.303511137530975,0.0,0.0,0.05783868361722436,349.4734478135482,0.4999999999999997,0.0,0.5178059646215042,0.021907899994403124
2020-01-12 00:00:00+00:00,forecast + actual PV,1271.6665581630107,1307.1117208802314,0.759459,15.30521319154002,0.0,0.0,0.09105055799881753,349.3743705546119,0.49999999999999983,0.0,0.5279022696925465,0.021544499992160127
2020-01-12 00:00:00+00:00,perfect foresight,1271.5671711549862,1271.5671711549862,0.768673,15.301995833795015,0.0,0.0,0.028270833795013738,349.54751445969526,0.4999999999999992,0.0,0.5070584210526308,0.024188499999581836
2020-01-13 00:00:00+00:00,no battery,1894.5400058300002,1894.54000583,0.945576,19.111039,0.0,0.0,0.0,743.14978583,0.5,0.0,0.5,0.025299400003859773
2020-01-13 00:00:00+00:00,rule-based,1894.5400058300002,1894.5400058300002,0.945576,19.111039,0.0,0.0,0.0,743.14978583,0.1,0.0,0.10000000000000002,0.0
2020-01-13 00:00:00+00:00,forecast,1894.492484393371,1731.002202455524,0.944915,19.111717788188226,0.0,0.0,0.013245072083112354,743.0383519579107,0.4999999999999995,0.0,0.5041336460180537,0.02112469999701716
2020-01-13 00:00:00+00:00,forecast + actual price,1883.1063261026297,1730.4919481391535,0.9516608971448993,19.193144263157897,0.0,0.0,1.602105263157895,723.5551553011157,0.4999999999999997,0.0,0.3594623130671364,0.020465999987209216
2020-01-13 00:00:00+00:00,forecast + actual load,1894.5119219688734,1850.3935783043426,0.944915,19.111419392440748,0.0,0.0,0.007422529420727788,743.087338363587,0.4999999999999997,0.0,0.502316492427625,0.020581699995091185
2020-01-13 00:00:00+00:00,forecast + actual PV,1894.5126115905919,1756.995562797419,0.944915,19.11140880571978,0.0,0.0,0.007215952634683642,743.0890763421355,0.4999999999999999,0.0,0.5022520220114813,0.020600500007276423
2020-01-13 00:00:00+00:00,perfect foresight,1883.0450963494736,1883.0450963494736,0.945576,19.193144263157894,0.0,0.0,1.602105263157895,723.5243500336842,0.4999999999999992,0.0,0.36295483377192966,0.023104300009435974
2020-01-14 00:00:00+00:00,no battery,1647.6479701700002,1647.64797017,0.96154,19.560057,0.0,0.0,0.0,469.23685017,0.5,0.0,0.5,0.028793299992685206
2020-01-14 00:00:00+00:00,rule-based,1647.6479701700002,1647.6479701700002,0.96154,19.560057,0.0,0.0,0.0,469.23685017,0.1,0.0,0.10000000000000002,0.0
2020-01-14 00:00:00+00:00,forecast,1645.3109532031672,1895.7143137627183,0.9513796058435182,19.622508654920495,0.0,0.0,1.218607933192275,460.76632001233526,0.49999999999999944,0.0,0.47777055006644575,0.031308500008890405
2020-01-14 00:00:00+00:00,forecast + actual price,1633.5118074441943,1635.2668430826511,1.1014645535687329,19.683214894736842,0.0,0.0,2.4031578947368417,442.2052752026665,0.4999999999999997,0.0,0.5583339986291639,0.01989490000414662
2020-01-14 00:00:00+00:00,forecast + actual load,1645.0283544803358,1915.7917881766211,0.9393162330876853,19.624559844078945,0.0,0.0,1.258632419078948,460.3409178320028,0.49999999999999967,0.0,0.47046948120259896,0.019768800004385412
2020-01-14 00:00:00+00:00,forecast + actual PV,1645.216361077726,1872.975331962982,0.945692372755833,19.622508654920495,0.0,0.0,1.2186079331922741,460.70016405233247,0.4999999999999999,0.0,0.4808820564734959,0.01942379999672994
2020-01-14 00:00:00+00:00,perfect foresight,1633.4840487110528,1633.4840487110528,1.0963751315789474,19.683214894736842,0.0,0.0,2.4031578947368404,442.2029635794737,0.49999999999999917,0.0,0.5585566887061404,0.022222099985810928
2020-01-15 00:00:00+00:00,no battery,1608.0094869,1608.0094869000002,0.943386,18.521777,0.0,0.0,0.0,491.98593689999996,0.5,0.0,0.5,0.03225869999732822
2020-01-15 00:00:00+00:00,rule-based,1608.0094869,1608.0094869,0.943386,18.521777,0.0,0.0,0.0,491.98593689999996,0.1,0.0,0.10000000000000002,0.0
2020-01-15 00:00:00+00:00,forecast,1601.1554898836519,1819.4191948497648,0.928577,18.587110486966598,0.0,0.0,1.2748406046559508,478.73629445634396,0.49999999999999944,0.0,0.6622997665701601,0.026456399995367974
2020-01-15 00:00:00+00:00,forecast + actual price,1598.4305682812374,1688.1359623907194,0.9196982822842653,18.562829631578946,0.0,0.0,0.8010526315789479,478.46019371192114,0.4999999999999998,0.0,0.6145900256639307,0.020151800010353327
2020-01-15 00:00:00+00:00,forecast + actual load,1601.1094301873777,1794.9911798117564,0.9356974171154744,18.588247727247705,0.0,0.0,1.2970313701411378,478.54201672665556,0.49999999999999967,0.0,0.660652249134492,0.02220849999866914
2020-01-15 00:00:00+00:00,forecast + actual PV,1601.1516317906314,1742.162319021539,0.928577,18.586416246297837,0.0,0.0,1.2612940110937598,478.80118399057346,0.4999999999999999,0.0,0.6639354581464678,0.020936400003847666
2020-01-15 00:00:00+00:00,perfect foresight,1598.3779904157896,1598.3779904157893,0.913336,18.56282963157895,0.0,0.0,0.8010526315789492,478.4394272578947,0.49999999999999917,0.0,0.6188780015350869,0.020319700008258224
2020-01-16 00:00:00+00:00,no battery,1786.4709564799998,1786.47095648,0.938294,18.069974000000002,0.0,0.0,0.0,697.5810464799999,0.5,0.0,0.5,0.02898490001098253
2020-01-16 00:00:00+00:00,rule-based,1786.4709564799998,1786.4709564799998,0.938294,18.069974000000002,0.0,0.0,0.0,697.5810464799999,0.1,0.0,0.10000000000000002,0.0
2020-01-16 00:00:00+00:00,forecast,1785.9351397616035,1820.531875453456,0.917185,18.111026631578945,0.0,0.0,0.8010526315789485,693.0855116037085,0.49999999999999933,0.0,0.7387355535892276,0.024445000002742745
2020-01-16 00:00:00+00:00,forecast + actual price,1780.3841450237458,1826.0925956896115,0.9533482370611366,18.152079263157898,0.0,0.0,1.602105263157895,683.2884375226508,0.4999999999999998,0.0,0.32902387142415207,0.02215960000467021
2020-01-16 00:00:00+00:00,forecast + actual load,1785.9638429777963,1805.6743880609067,0.9182938087738685,18.111026631578948,0.0,0.0,0.8010526315789481,693.1086707760323,0.49999999999999967,0.0,0.7398483347029003,0.022761000000173226
2020-01-16 00:00:00+00:00,forecast + actual PV,1785.8611212184503,1791.1307356570246,0.917185,18.111026631578948,0.0,0.0,0.8010526315789477,693.0114930605555,0.49999999999999983,0.0,0.7349514679682182,0.023244900003192015
2020-01-16 00:00:00+00:00,perfect foresight,1780.3254969142106,1780.3254969142106,0.938294,18.152079263157894,0.0,0.0,1.6021052631578947,683.305060598421,0.49999999999999917,0.0,0.330038773355263,0.023758600000292063
2020-01-17 00:00:00+00:00,no battery,1789.84290517,1789.84290517,0.912219,18.358347,0.0,0.0,0.0,683.78099017,0.5,0.0,0.5,0.02338650000456255
2020-01-17 00:00:00+00:00,rule-based,1789.84290517,1789.84290517,0.912219,18.358347,0.0,0.0,0.0,683.78099017,0.1,0.0,0.10000000000000002,0.0
2020-01-17 00:00:00+00:00,forecast,1786.322947148722,1738.7889974224784,0.8989874203436252,18.421354866143805,0.0,0.0,1.2294611829598652,674.0877957124562,0.49999999999999933,0.0,0.48433002581224255,0.021489299993845634
2020-01-17 00:00:00+00:00,forecast + actual price,1784.1315785910529,1740.2533517899717,1.0946126315789473,18.440452263157894,0.0,0.0,1.6021052631578947,669.0271691173684,0.4999999999999998,0.0,0.6385964912280702,0.02385310000681784
2020-01-17 00:00:00+00:00,forecast + actual load,1786.3332631567146,1777.0042683293775,0.896737,18.421159389078944,0.0,0.0,1.2256468740789481,674.1287210638197,0.49999999999999967,0.0,0.48386947620614024,0.027400399994803593
2020-01-17 00:00:00+00:00,forecast + actual PV,1786.3229471487223,1744.2742749891238,0.8989874203436252,18.421354866143805,0.0,0.0,1.229461182959864,674.0877957124562,0.49999999999999983,0.0,0.48433002581224277,0.022719200002029538
2020-01-17 00:00:00+00:00,perfect foresight,1784.1315785910529,1784.1315785910526,1.0946126315789466,18.440452263157894,0.0,0.0,1.6021052631578947,669.0271691173684,0.4999999999999991,0.0,0.63859649122807,0.022878800009493716
2020-01-18 00:00:00+00:00,no battery,1506.65274141,1506.65274141,0.790727,16.213805,0.0,0.0,0.0,529.87080641,0.5,0.0,0.5,0.026315099996281788
2020-01-18 00:00:00+00:00,rule-based,1506.65274141,1506.65274141,0.790727,16.213805,0.0,0.0,0.0,529.87080641,0.1,0.0,0.10000000000000002,0.0
2020-01-18 00:00:00+00:00,forecast,1506.4419382030499,1391.5406987426734,0.7939020856784721,16.26951129100121,0.0,0.0,1.0869868577414614,524.1277765991025,0.49999999999999944,0.0,0.6742882530356707,0.030552099997294135
2020-01-18 00:00:00+00:00,forecast + actual price,1504.1522634848889,1471.4983667850868,0.799138183501925,16.254857631578947,0.0,0.0,0.8010526315789479,523.2630094094845,0.4999999999999998,0.0,0.7478616826145706,0.02355290000559762
2020-01-18 00:00:00+00:00,forecast + actual load,1506.0592146518006,1371.4819777933906,0.767455,16.2703357700831,0.0,0.0,1.1030747700831023,523.7956439066481,0.49999999999999967,0.0,0.686694423574561,0.020693799990112893
2020-01-18 00:00:00+00:00,forecast + actual PV,1506.4419382030499,1445.4692313332698,0.7939020856784721,16.26951129100121,0.0,0.0,1.0869868577414612,524.1277765991024,0.4999999999999999,0.0,0.6742882530356712,0.020277700008591637
2020-01-18 00:00:00+00:00,perfect foresight,1504.0959952589474,1504.0959952589474,0.786036,16.25485763157895,0.0,0.0,0.8010526315789492,523.2722521010526,0.49999999999999906,0.0,0.7457253666666664,0.02486960000533145
2020-01-19 00:00:00+00:00,no battery,1421.49552251,1421.49552251,0.749041,15.018351,0.0,0.0,0.0,516.64925751,0.5,0.0,0.5,0.024496400001225993
2020-01-19 00:00:00+00:00,rule-based,1421.49552251,1421.49552251,0.749041,15.018351,0.0,0.0,0.0,516.64925751,0.1,0.0,0.10000000000000002,0.0
2020-01-19 00:00:00+00:00,forecast,1424.7237848615277,1385.179344433727,0.7374188561248981,15.059403631578949,0.0,0.0,0.8010526315789485,515.8703674230085,0.49999999999999944,0.0,0.860982721918781,0.02152860000205692
2020-01-19 00:00:00+00:00,forecast + actual price,1420.2347150383555,1402.8438234923783,0.7151325107439975,15.059403631578949,0.0,0.0,0.8010526315789479,511.49272932674086,0.4999999999999998,0.0,0.717705317943904,0.02532709999650251
2020-01-19 00:00:00+00:00,forecast + actual load,1424.6305038828996,1384.3569056056597,0.730641,15.059403631578947,0.0,0.0,0.8010526315789481,515.8109757250047,0.4999999999999996,0.0,0.859023003284837,0.01930329999595415
2020-01-19 00:00:00+00:00,forecast + actual PV,1424.74295260508,1403.3764157264995,0.741462029877627,15.059403631578949,0.0,0.0,0.8010526315789477,515.8693192977973,0.4999999999999999,0.0,0.860820044703631,0.024689500001841225
2020-01-19 00:00:00+00:00,perfect foresight,1420.193748488421,1420.193748488421,0.706007,15.059403631578949,0.0,0.0,0.8010526315789493,511.49739033052634,0.4999999999999991,0.0,0.7167657327850873,0.02219899999909103
2020-01-20 00:00:00+00:00,no battery,1959.25802632,1959.25802632,0.936933,18.519873,0.0,0.0,0.0,843.3809813199999,0.5,0.0,0.5,0.028320400000666268
2020-01-20 00:00:00+00:00,rule-based,1959.25802632,1959.25802632,0.936933,18.519873,0.0,0.0,0.0,843.3809813199999,0.1,0.0,0.10000000000000002,0.0
2020-01-20 00:00:00+00:00,forecast,1955.6212260951315,1987.530800327111,0.9039721910613537,18.560925631578947,0.0,0.0,0.8010526315789486,835.84372198193,0.49999999999999917,0.0,0.7715907028264564,0.026288599998224527
2020-01-20 00:00:00+00:00,forecast + actual price,1950.0139837148276,1968.7664510755947,0.9344027194468483,18.601978263157896,0.0,0.0,1.602105263157895,826.019063801804,0.4999999999999998,0.0,0.4266970743454921,0.0229583000036655
2020-01-20 00:00:00+00:00,forecast + actual load,1955.6009128242367,1998.5899048245342,0.8954577650051077,18.560925631578947,0.0,0.0,0.8010526315789482,835.8659808413165,0.4999999999999996,0.0,0.771325051268863,0.01916480000363663
2020-01-20 00:00:00+00:00,forecast + actual PV,1955.5969447387895,1957.175600775295,0.9012504260562461,18.560925631578947,0.0,0.0,0.8010526315789477,835.8330494506134,0.4999999999999998,0.0,0.7711446480488217,0.022303599995211698
2020-01-20 00:00:00+00:00,perfect foresight,1950.00075385,1950.00075385,0.9340268157894732,18.601978263157896,0.0,0.0,1.602105263157895,826.0077134552631,0.4999999999999991,0.0,0.4259418189692982,0.021742400000221096
2020-01-21 00:00:00+00:00,no battery,1928.82041917,1928.82041917,0.945136,18.771833,0.0,0.0,0.0,797.78475917,0.5,0.0,0.5,0.03256150000379421
2020-01-21 00:00:00+00:00,rule-based,1928.82041917,1928.82041917,0.945136,18.771833,0.0,0.0,0.0,797.78475917,0.1,0.0,0.10000000000000002,0.0
2020-01-21 00:00:00+00:00,forecast,1924.2908984125047,1974.5793745132194,0.9294250000000001,18.831971288568067,0.0,0.0,1.1734676307768441,787.3785608368673,0.4999999999999991,0.0,0.6736467143663241,0.027735900002880953
2020-01-21 00:00:00+00:00,forecast + actual price,1922.5263782563914,1987.1527014477188,0.9495404551409066,18.874353006747597,0.0,0.0,2.0004544906389623,781.316586594553,0.4999999999999998,0.0,0.6130306643631017,0.020093099999940023
2020-01-21 00:00:00+00:00,forecast + actual load,1924.3805069899688,1966.8593596848912,0.925556,18.82927896512053,0.0,0.0,1.1209328065826858,787.7541234695716,0.4999999999999996,0.0,0.6738184751448583,0.020409500008099712
2020-01-21 00:00:00+00:00,forecast + actual PV,1924.3834933856967,1915.8645340419957,0.9294250000000001,18.83116258254679,0.0,0.0,1.1576874953359688,787.5512384422177,0.49999999999999967,0.0,0.6773646520799912,0.02180530001351144
2020-01-21 00:00:00+00:00,perfect foresight,1922.4749975802579,1922.474997580258,0.9477753157894733,18.886376251447373,0.0,0.0,2.2350619064473674,780.0834221015737,0.4999999999999991,0.0,0.5939591337719298,0.02431849999993574
2020-01-22 00:00:00+00:00,no battery,2116.64371353,2116.64371353,0.9426749999999999,19.731611,0.0,0.0,0.0,928.03367853,0.5,0.0,0.5,0.026445100011187606
2020-01-22 00:00:00+00:00,rule-based,2116.64371353,2116.64371353,0.9426749999999999,19.731611,0.0,0.0,0.0,928.03367853,0.1,0.0,0.10000000000000002,0.0
2020-01-22 00:00:00+00:00,forecast,2110.767117389488,2005.2689379364483,0.9417103162835563,19.772663631578947,0.0,0.0,0.8010526315789492,918.0966426501757,0.49999999999999906,0.0,0.7436545498828497,0.03350160000263713
2020-01-22 00:00:00+00:00,forecast + actual price,2106.8527175219447,2059.9531983346355,0.9382205939825977,19.813889223768854,0.0,0.0,1.6054802125153325,910.1173007008699,0.4999999999999998,0.0,0.6526282098617356,0.022641700008534826
2020-01-22 00:00:00+00:00,forecast + actual load,2110.7026412772493,1968.658213704544,0.9209556415463545,19.77266363157895,0.0,0.0,0.8010526315789482,918.1359399116227,0.4999999999999995,0.0,0.7388917071893504,0.02245579998998437
2020-01-22 00:00:00+00:00,forecast + actual PV,2110.803585223655,2088.7091909506985,0.9417103162835563,19.772663631578947,0.0,0.0,0.801052631578948,918.1331104843425,0.4999999999999995,0.0,0.741056138746131,0.023208899991004728
2020-01-22 00:00:00+00:00,perfect foresight,2106.8271747510526,2106.8271747510526,0.9344218157894733,19.813716263157893,0.0,0.0,1.602105263157895,910.1278793563158,0.4999999999999991,0.0,0.6528057453947368,0.019371599992155097
2020-01-23 00:00:00+00:00,no battery,2201.79159883,2201.79159883,0.942829,19.549334,0.0,0.0,0.0,1024.11741383,0.5,0.0,0.5,0.020871800006716512
2020-01-23 00:00:00+00:00,rule-based,2201.79159883,2201.79159883,0.942829,19.549334,0.0,0.0,0.0,1024.11741383,0.1,0.0,0.10000000000000002,0.0
2020-01-23 00:00:00+00:00,forecast,2192.440456940602,2094.625588873039,0.9285086341929257,19.611869550912758,0.0,0.0,1.2202449806309905,1008.6452507536096,0.499999999999999,0.0,0.7027494690874363,0.02199980001023505
2020-01-23 00:00:00+00:00,forecast + actual price,2189.7602667247365,2169.061955707774,1.1292236315789472,19.631439263157894,0.0,0.0,1.602105263157895,1003.0235822510526,0.4999999999999998,0.0,0.5359649122807016,0.025125400003162213
2020-01-23 00:00:00+00:00,forecast + actual load,2192.599679872609,2081.432907337363,0.922225,19.610293821250682,0.0,0.0,1.1894980505581905,1008.9919294964518,0.4999999999999995,0.0,0.7091265330827298,0.027828599995700642
2020-01-23 00:00:00+00:00,forecast + actual PV,2192.3991907332,2127.3360108550796,0.9295168500130561,19.61196785195522,0.0,0.0,1.2221631112287876,1008.5892091433639,0.4999999999999995,0.0,0.6990089073613209,0.021851900004548952
2020-01-23 00:00:00+00:00,perfect foresight,2189.7602667247365,2189.760266724737,1.1292236315789466,19.631439263157894,0.0,0.0,1.6021052631578947,1003.0235822510526,0.4999999999999991,0.0,0.5359649122807016,0.020308299994212575
2020-01-24 00:00:00+00:00,no battery,2098.50992658,2098.50992658,0.919817,18.844996000000002,0.0,0.0,0.0,963.2110815799999,0.5,0.0,0.5,0.030442200004472397
2020-01-24 00:00:00+00:00,rule-based,2098.50992658,2098.50992658,0.919817,18.844996000000002,0.0,0.0,0.0,963.2110815799999,0.1,0.0,0.10000000000000002,0.0
2020-01-24 00:00:00+00:00,forecast,2089.220513158947,2028.7522769322698,1.1035406315789462,18.927101263157894,0.0,0.0,1.602105263157895,944.8725236852631,0.499999999999999,0.0,0.63859649122807,0.02764089999254793
2020-01-24 00:00:00+00:00,forecast + actual price,2087.278227001303,2144.9698113809714,1.1002980207246407,18.927101263157894,0.0,0.0,1.602105263157895,942.9464505818904,0.4999999999999998,0.0,0.43083010773228114,0.024354199995286763
2020-01-24 00:00:00+00:00,forecast + actual load,2089.220513158947,2005.0445274033677,1.1035406315789469,18.927101263157894,0.0,0.0,1.602105263157895,944.8725236852631,0.49999999999999944,0.0,0.6385964912280702,0.02073650000966154
2020-01-24 00:00:00+00:00,forecast + actual PV,2089.220513158947,1998.521961214658,1.1035406315789469,18.927101263157894,0.0,0.0,1.602105263157895,944.8725236852631,0.49999999999999944,0.0,0.6385964912280702,0.02032609999878332
2020-01-24 00:00:00+00:00,perfect foresight,2087.2768877989474,2087.2768877989474,1.0977226315789483,18.927101263157894,0.0,0.0,1.602105263157895,942.9579883252632,0.4999999999999991,0.0,0.4309320502192981,0.1256089999951655
2020-01-25 00:00:00+00:00,no battery,1675.6635135099998,1675.66351351,0.811058,16.619542000000003,0.0,0.0,0.0,674.4357035099999,0.5,0.0,0.5,0.022776300000259653
2020-01-25 00:00:00+00:00,rule-based,1675.6635135099998,1675.6635135099998,0.811058,16.619542000000003,0.0,0.0,0.0,674.4357035099999,0.1,0.0,0.10000000000000002,0.0
2020-01-25 00:00:00+00:00,forecast,1675.4773816300435,1561.046941210909,0.7958898026328307,16.674856169579527,0.0,0.0,1.0793354628209775,668.847891516466,0.4999999999999989,0.0,0.7268454704134918,0.026929500003461726
2020-01-25 00:00:00+00:00,forecast + actual price,1674.6101474797574,1603.083365522948,0.8043516066894841,16.673664751631883,0.0,0.0,1.0560875382529158,668.0563292718912,0.4999999999999998,0.0,0.685630597307151,0.02642889998969622
2020-01-25 00:00:00+00:00,forecast + actual load,1675.500924847572,1593.9782162120778,0.7852986305372945,16.6759048078168,0.0,0.0,1.0997973525277964,668.8205485208218,0.4999999999999994,0.0,0.7257414379793895,0.019942600003560074
2020-01-25 00:00:00+00:00,forecast + actual PV,1675.4871982381296,1598.5212298642548,0.79161636244868,16.675159564401106,0.0,0.0,1.0852555515189846,668.849031458782,0.49999999999999967,0.0,0.7265937803507688,0.01990079999086447
2020-01-25 00:00:00+00:00,perfect foresight,1674.5580969535456,1674.5580969535456,0.781242,16.676161357340717,0.0,0.0,1.1048033573407203,667.872598798421,0.4999999999999991,0.0,0.6782642338815789,0.021559899993008003
2020-01-26 00:00:00+00:00,no battery,1404.54769832,1404.54769832,0.762012,14.959938,0.0,0.0,0.0,503.14135832000005,0.5,0.0,0.5,0.029372400007559918
2020-01-26 00:00:00+00:00,rule-based,1404.54769832,1404.54769832,0.762012,14.959938,0.0,0.0,0.0,503.14135832000005,0.1,0.0,0.10000000000000002,0.0
2020-01-26 00:00:00+00:00,forecast,1405.0315163432217,1444.5097859612576,0.7311545160710758,15.000990631578947,0.0,0.0,0.8010526315789497,499.7142006049713,0.4999999999999988,0.0,0.7334014476521368,0.024551800001063384
2020-01-26 00:00:00+00:00,forecast + actual price,1404.3717100364418,1401.4373786769806,0.746242,14.977627105475193,0.0,0.0,0.3451643401698262,501.29254502759045,0.4999999999999998,0.0,0.46499622159792825,0.03158300000359304
2020-01-26 00:00:00+00:00,forecast + actual load,1405.0449352360536,1448.0718992597,0.7250244254333735,15.000990631578947,0.0,0.0,0.8010526315789486,499.75826995099186,0.4999999999999991,0.0,0.7330789297499575,0.023509599996032193
2020-01-26 00:00:00+00:00,forecast + actual PV,1405.0285429753988,1444.2392167417238,0.7216083660974255,15.000990631578947,0.0,0.0,0.8010526315789481,499.75895798701697,0.49999999999999956,0.0,0.7332238388097584,0.026419100002385676
2020-01-26 00:00:00+00:00,perfect foresight,1404.35781372,1404.35781372,0.746242,14.982702105,0.0,0.0,0.44419189499999967,500.77609363000005,0.4999999999999991,0.0,0.45325481458333244,0.02490879999822937
2020-01-27 00:00:00+00:00,no battery,1871.1666040999999,1871.1666040999999,0.9387099999999999,18.968602,0.0,0.0,0.0,728.3569341,0.5,0.0,0.5,0.02283450000686571
2020-01-27 00:00:00+00:00,rule-based,1871.1666040999999,1871.1666040999999,0.9387099999999999,18.968602,0.0,0.0,0.0,728.3569341,0.1,0.0,0.10000000000000002,0.0
2020-01-27 00:00:00+00:00,forecast,1867.6468853569042,1963.9360055603772,0.91303,18.993511486506492,0.0,0.0,0.4860543392677096,722.4989374879792,0.4999999999999988,0.0,0.6411565954188383,0.026044500002171844
2020-01-27 00:00:00+00:00,forecast + actual price,1863.1248748894739,1864.6662044380898,1.1053936315789472,19.050707263157896,0.0,0.0,1.6021052631578947,711.3512604157894,0.4999999999999998,0.0,0.6447368421052632,0.02397529999143444
2020-01-27 00:00:00+00:00,forecast + actual load,1867.2962694667601,1960.2685942158275,0.9176871864926475,18.99435798153104,0.0,0.0,0.5025718447466391,722.0412109529416,0.4999999999999991,0.0,0.6454687819737651,0.023775299996486865
2020-01-27 00:00:00+00:00,forecast + actual PV,1867.4840577617767,1965.8267110177096,0.91303,18.99440898816386,0.0,0.0,0.5035671280178388,722.2472342159097,0.49999999999999956,0.0,0.6460032787975821,0.021599400002742186
2020-01-27 00:00:00+00:00,perfect foresight,1863.1248748894736,1863.1248748894739,1.1053936315789463,19.050707263157893,0.0,0.0,1.602105263157895,711.3512604157895,0.4999999999999991,0.0,0.644736842105263,0.029705699998885393
2020-01-28 00:00:00+00:00,no battery,1835.5183034299998,1835.5183034299998,0.955185,19.916945,0.0,0.0,0.0,635.72567843,0.5,0.0,0.5,0.026431899997987784
2020-01-28 00:00:00+00:00,rule-based,1835.5183034299998,1835.5183034299998,0.955185,19.916945,0.0,0.0,0.0,635.72567843,0.1,0.0,0.10000000000000002,0.0
2020-01-28 00:00:00+00:00,forecast,1833.9021838400274,1929.3905624680274,0.9316796969311899,19.974115745838663,0.0,0.0,1.1155625021339093,628.565715600784,0.4999999999999988,0.0,0.701297607714981,0.028924699989147484
2020-01-28 00:00:00+00:00,forecast + actual price,1828.747223226979,1762.8217740688524,0.9528014266963556,20.000072053674852,0.0,0.0,1.6220432781170078,620.7348063167719,0.4999999999999998,0.0,0.3301491532132535,0.024429700002656318
2020-01-28 00:00:00+00:00,forecast + actual load,1833.8894232792723,1951.738905763473,0.931324,19.97592181450213,0.0,0.0,1.150803995798021,628.3758864175481,0.4999999999999991,0.0,0.6965692857862454,0.022608200000831857
2020-01-28 00:00:00+00:00,forecast + actual PV,1833.9579634233828,1978.2049413172342,0.9377127628721552,19.972849202903006,0.0,0.0,1.0908486771586976,628.7167500805242,0.49999999999999956,0.0,0.7039554729971204,0.02311369999370072
2020-01-28 00:00:00+00:00,perfect foresight,1828.7167768094037,1828.7167768094037,0.9422943157894732,20.00180677110366,0.0,0.0,1.655892507945767,620.5851139483452,0.4999999999999991,0.0,0.33282196945406267,0.022313100009341724
2020-01-29 00:00:00+00:00,no battery,1895.3055704199999,1895.3055704199999,0.955528,20.010998,0.0,0.0,0.0,689.8680504199999,0.5,0.0,0.5,0.025788200000533834
2020-01-29 00:00:00+00:00,rule-based,1895.3055704199999,1895.3055704199999,0.955528,20.010998,0.0,0.0,0.0,689.8680504199999,0.1,0.0,0.10000000000000002,0.0
2020-01-29 00:00:00+00:00,forecast,1890.3133009697096,1954.765207271544,0.9384576865781291,20.07223061085582,0.0,0.0,1.1948209451609735,678.897533995148,0.4999999999999988,0.0,0.6897708337575997,0.02487400000973139
2020-01-29 00:00:00+00:00,forecast + actual price,1889.161448785522,1891.7575240844933,0.9483640489437833,20.093103263157897,0.0,0.0,1.602105263157895,675.6292222250137,0.4999999999999998,0.0,0.7025528579411636,0.024379700000281446
2020-01-29 00:00:00+00:00,forecast + actual load,1890.3113451176368,1935.378425291168,0.9392655152809252,20.07294721082777,0.0,0.0,1.2088038317932026,678.8205772279795,0.4999999999999991,0.0,0.6883610972426331,0.02212399999552872
2020-01-29 00:00:00+00:00,forecast + actual PV,1890.2671470396867,1971.4754002046027,0.931905,20.07246072160699,0.0,0.0,1.1993110549467185,678.8613566333736,0.49999999999999956,0.0,0.6863048410105809,0.026607100007822737
2020-01-29 00:00:00+00:00,perfect foresight,1889.140606298421,1889.140606298421,0.9403118157894732,20.093103263157893,0.0,0.0,1.602105263157895,675.6486409036842,0.4999999999999991,0.0,0.7016804404028161,0.021096399999805726
2020-01-30 00:00:00+00:00,no battery,1794.41622247,1794.41622247,0.948531,19.377678,0.0,0.0,0.0,627.01288747,0.5,0.0,0.5,0.02838760000304319
2020-01-30 00:00:00+00:00,rule-based,1794.41622247,1794.41622247,0.948531,19.377678,0.0,0.0,0.0,627.01288747,0.1,0.0,0.10000000000000002,0.0
2020-01-30 00:00:00+00:00,forecast,1785.5246022916285,2060.2430652376893,0.9333992997634202,19.438728951011477,0.0,0.0,1.1912762492239706,612.1513162336747,0.49999999999999856,0.0,0.6995634993229062,0.027535399989574216
2020-01-30 00:00:00+00:00,forecast + actual price,1778.5697577331578,1842.083322311641,1.1299496315789477,19.459783263157895,0.0,0.0,1.6021052631578947,602.1288032594737,0.4999999999999998,0.0,0.6114035087719298,0.0255643999989843
2020-01-30 00:00:00+00:00,forecast + actual load,1785.129796722272,2033.5640995781866,0.9214244068518348,19.440429954433675,0.0,0.0,1.224467623692999,611.6479421746062,0.4999999999999991,0.0,0.686494539587596,0.02034970000386238
2020-01-30 00:00:00+00:00,forecast + actual PV,1785.4496739957233,2017.0801840784538,0.9355170353922043,19.438935430235286,0.0,0.0,1.19530524125773,612.0453525221296,0.5,0.0,0.6997789691716124,0.023017500003334135
2020-01-30 00:00:00+00:00,perfect foresight,1778.489457083158,1778.489457083158,1.1127546315789465,19.459783263157895,0.0,0.0,1.602105263157895,602.1344776094736,0.4999999999999991,0.0,0.6120841441885965,0.02297599999292288
2020-01-31 00:00:00+00:00,no battery,1587.86607531,1587.86607531,0.917992,18.854878,0.0,0.0,0.0,451.98343531,0.5,0.0,0.5,0.025705400010338053
2020-01-31 00:00:00+00:00,rule-based,1587.86607531,1587.86607531,0.917992,18.854878,0.0,0.0,0.0,451.98343531,0.1,0.0,0.10000000000000002,0.0
2020-01-31 00:00:00+00:00,forecast,1567.8581926284107,1531.8901508105355,1.066182631578946,18.936983263157895,0.0,0.0,1.602105263157895,423.1040731547264,0.49999999999999856,0.0,0.638222389171552,0.03578999999444932
2020-01-31 00:00:00+00:00,forecast + actual price,1563.5840643929196,1571.7474350089308,1.0678784980146865,18.936983263157895,0.0,0.0,1.602105263157895,418.82146558705676,0.4999999999999998,0.0,0.3445941784850111,0.01923920000263024
2020-01-31 00:00:00+00:00,forecast + actual load,1567.8385171310526,1511.2345490658715,1.0661826315789464,18.93698326315789,0.0,0.0,1.6021052631578947,423.0843976573684,0.4999999999999991,0.0,0.6384220870614034,0.020855999988270923
2020-01-31 00:00:00+00:00,forecast + actual PV,1567.8581926284107,1542.5622745612113,1.0661826315789473,18.936983263157895,0.0,0.0,1.602105263157895,423.1040731547264,0.5,0.0,0.6382223891715523,0.018805200001224875
2020-01-31 00:00:00+00:00,perfect foresight,1563.5838608889474,1563.5838608889474,1.0661826315789464,18.936983263157895,0.0,0.0,1.602105263157895,418.8297414152632,0.4999999999999991,0.0,0.3445270504385964,0.022757799990358762
2020-02-01 00:00:00+00:00,no battery,1061.28349501,1061.28349501,0.798463,15.780719999999999,0.0,0.0,0.0,110.44798001,0.5,0.0,0.5,0.02558449999196455
2020-02-01 00:00:00+00:00,rule-based,1061.28349501,1061.28349501,0.798463,15.780719999999999,0.0,0.0,0.0,110.44798001,0.1,0.0,0.10000000000000002,0.0
2020-02-01 00:00:00+00:00,forecast,1055.2243264020642,1160.5912273421427,1.0140136315789459,15.862825263157895,0.0,0.0,1.602105263157895,95.18053192838002,0.49999999999999856,0.0,0.6543157224935607,0.02779940000618808
2020-02-01 00:00:00+00:00,forecast + actual price,1052.1812807994736,1075.877462249556,1.0638896315789472,15.862825263157895,0.0,0.0,1.602105263157895,91.88810632578948,0.4999999999999998,0.0,0.6219298245614034,0.021527999997488223
2020-02-01 00:00:00+00:00,forecast + actual load,1055.2471612626314,1114.7349340171952,1.0140136315789463,15.862825263157895,0.0,0.0,1.6021052631578947,95.20336678894736,0.4999999999999991,0.0,0.6550446578947368,0.021218399997451343
2020-02-01 00:00:00+00:00,forecast + actual PV,1055.2243264020642,1180.4564320214197,1.0140136315789474,15.862825263157893,0.0,0.0,1.6021052631578945,95.18053192838002,0.5,0.0,0.6543157224935611,0.019593400007579476
2020-02-01 00:00:00+00:00,perfect foresight,1052.1812807994736,1052.1812807994736,1.0638896315789466,15.862825263157895,0.0,0.0,1.602105263157895,91.8881063257895,0.4999999999999991,0.0,0.6219298245614033,0.029819299990776926
2020-02-02 00:00:00+00:00,no battery,1204.60846315,1204.60846315,0.757231,15.122548000000002,0.0,0.0,0.0,293.46942815,0.5,0.0,0.5,0.028055299990228377
2020-02-02 00:00:00+00:00,rule-based,1204.60846315,1204.60846315,0.757231,15.122548000000002,0.0,0.0,0.0,293.46942815,0.1,0.0,0.10000000000000002,0.0
2020-02-02 00:00:00+00:00,forecast,1186.0503702033097,1009.2546140608353,0.7681349028689214,15.176564620498617,0.0,0.0,1.054016620498615,269.5077852180511,0.49999999999999856,0.0,0.7334314934570813,0.02260480000404641
2020-02-02 00:00:00+00:00,forecast + actual price,1182.658573950786,1152.6087640308956,0.9760206315789477,15.204653263157896,0.0,0.0,1.6021052631578947,262.2950644771016,0.4999999999999998,0.0,0.6578257866260874,0.019728499988559633
2020-02-02 00:00:00+00:00,forecast + actual load,1186.005161823047,992.954831773801,0.7640558157894741,15.176564620498615,0.0,0.0,1.054016620498615,269.48297227318557,0.4999999999999991,0.0,0.733534608607456,0.02170690000639297
2020-02-02 00:00:00+00:00,forecast + actual PV,1186.0503702033097,1048.900477077887,0.7681349028689207,15.176564620498613,0.0,0.0,1.054016620498615,269.50778521805114,0.5,0.0,0.7334314934570817,0.02021299999614712
2020-02-02 00:00:00+00:00,perfect foresight,1182.6566422331578,1182.6566422331578,0.9760206315789484,15.204653263157894,0.0,0.0,1.6021052631578947,262.2931327594737,0.4999999999999991,0.0,0.6577734141447368,0.023303899986785837
2020-02-03 00:00:00+00:00,no battery,1715.4968518,1715.4968518,0.934225,19.222456,0.0,0.0,0.0,557.4783668,0.5,0.0,0.5,0.033321900002192706
2020-02-03 00:00:00+00:00,rule-based,1715.4968518,1715.4968518,0.934225,19.222456,0.0,0.0,0.0,557.4783668,0.1,0.0,0.10000000000000002,0.0
2020-02-03 00:00:00+00:00,forecast,1709.602248935181,1678.6393848099242,0.907672,19.304561263157893,0.0,0.0,1.602105263157895,543.5860026193914,0.49999999999999856,0.0,0.6592309966692018,0.019695299997692928
2020-02-03 00:00:00+00:00,forecast + actual price,1706.8865340576533,1638.3511255816384,1.0291746315789476,19.304561263157893,0.0,0.0,1.602105263157895,540.2627745839691,0.4999999999999998,0.0,0.3310525158539053,0.02265379999880679
2020-02-03 00:00:00+00:00,forecast + actual load,1709.5862939443762,1714.730643981898,0.907672,19.304561263157893,0.0,0.0,1.6021052631578947,543.5700476285867,0.4999999999999991,0.0,0.6583674022331191,0.02273349999450147
2020-02-03 00:00:00+00:00,forecast + actual PV,1709.6154304237816,1711.9142927102102,0.907672,19.304561263157893,0.0,0.0,1.6021052631578947,543.5991841079922,0.5,0.0,0.6597766606496309,0.025857900007395074
2020-02-03 00:00:00+00:00,perfect foresight,1706.8258115705264,1706.8258115705264,1.0291746315789485,19.304561263157897,0.0,0.0,1.602105263157895,540.2020520968421,0.4999999999999991,0.0,0.33044707543859636,0.030111000000033528
2020-02-04 00:00:00+00:00,no battery,1713.8106153500003,1713.8106153499998,0.948388,19.228379,0.0,0.0,0.0,555.36593535,0.5,0.0,0.5,0.027912400008062832
2020-02-04 00:00:00+00:00,rule-based,1713.8106153500003,1713.8106153500003,0.948388,19.228379,0.0,0.0,0.0,555.36593535,0.1,0.0,0.10000000000000002,0.0
2020-02-04 00:00:00+00:00,forecast,1708.3054397182489,1778.0760365061801,0.9312725598915804,19.290590161168378,0.0,0.0,1.213915221772682,543.7858368051432,0.49999999999999856,0.0,0.6829865899723632,0.030921399986254983
2020-02-04 00:00:00+00:00,forecast + actual price,1707.186297790797,1689.4780960492376,0.9298162999419155,19.30537352197232,0.0,0.0,1.5023802877162646,541.2100443973156,0.4999999999999998,0.0,0.6694303684843784,0.02106850000564009
2020-02-04 00:00:00+00:00,forecast + actual load,1708.3490579615268,1831.271088420252,0.930402,19.289618325254555,0.0,0.0,1.1949519620183315,543.9300445222169,0.4999999999999991,0.0,0.6856707813390926,0.023491600004490465
2020-02-04 00:00:00+00:00,forecast + actual PV,1708.3059979461716,1740.7170217849728,0.9403695478340864,19.29147711749277,0.0,0.0,1.2312222413332972,543.6530786747683,0.5,0.0,0.6805230111552006,0.02070540000568144
2020-02-04 00:00:00+00:00,perfect foresight,1707.1087957458842,1707.1087957458842,0.917707,19.304787666578946,0.0,0.0,1.4909485965789495,541.2511035579895,0.4999999999999991,0.0,0.6709965558114032,0.025412500006495975
2020-02-05 00:00:00+00:00,no battery,1740.05257057,1740.05257057,0.936182,17.902489,0.0,0.0,0.0,661.2223205700001,0.5,0.0,0.5,0.025962300001992844
2020-02-05 00:00:00+00:00,rule-based,1740.05257057,1740.05257057,0.936182,17.902489,0.0,0.0,0.0,661.2223205700001,0.1,0.0,0.10000000000000002,0.0
2020-02-05 00:00:00+00:00,forecast,1736.7807911874115,1887.7906647931636,0.918792,17.943541631578945,0.0,0.0,0.8010526315789503,653.9722280295168,0.4999999999999985,0.0,0.7372689226349722,0.027503499994054437
2020-02-05 00:00:00+00:00,forecast + actual price,1733.53047139117,1866.3095604265682,0.9324562199209685,17.984594263157895,0.0,0.0,1.602105263157895,646.5883239757758,0.4999999999999998,0.0,0.4449595525275039,0.0204914999922039
2020-02-05 00:00:00+00:00,forecast + actual load,1736.7138159753763,1852.1254725929064,0.905161,17.943541631578945,0.0,0.0,0.8010526315789493,653.9734078174815,0.4999999999999991,0.0,0.7400963482375995,0.021050700001069345
2020-02-05 00:00:00+00:00,forecast + actual PV,1736.79863444648,1788.5559563392044,0.9161001811180395,17.943541631578945,0.0,0.0,0.8010526315789475,654.0035303829951,0.5,0.0,0.7414351167404956,0.019943599996622652
2020-02-05 00:00:00+00:00,perfect foresight,1733.523961102105,1733.5239611021052,0.9322323157894732,17.984594263157895,0.0,0.0,1.602105263157895,646.5829332073685,0.4999999999999991,0.0,0.44466634396929816,0.024079399998299778
2020-02-06 00:00:00+00:00,no battery,1818.1861382499999,1818.18613825,0.927163,18.539873,0.0,0.0,0.0,701.15794325,0.5,0.0,0.5,0.02270940000016708
2020-02-06 00:00:00+00:00,rule-based,1818.1861382499999,1818.1861382499999,0.927163,18.539873,0.0,0.0,0.0,701.15794325,0.1,0.0,0.10000000000000002,0.0
2020-02-06 00:00:00+00:00,forecast,1816.2603099380553,1754.7113244194368,1.086898348274775,18.61865504553574,0.0,0.0,1.5372599141717096,690.6319956361938,0.49999999999999845,0.0,0.6361651927233369,0.02126400000997819
2020-02-06 00:00:00+00:00,forecast + actual price,1814.5237529587155,1760.6623692251187,0.903569,18.580925631578946,0.0,0.0,0.8010526315789477,693.5482648008207,0.4999999999999997,0.0,0.7711275763790866,0.023591300006955862
2020-02-06 00:00:00+00:00,forecast + actual load,1816.2475701000908,1767.9411116613505,1.0848426315789483,18.618317496128526,0.0,0.0,1.5306733731745656,690.6629604281354,0.4999999999999991,0.0,0.6369874284588543,0.018510100009734742
2020-02-06 00:00:00+00:00,forecast + actual PV,1816.2683413746806,1795.3887665785583,1.088304676781124,18.618792162565107,0.0,0.0,1.5399354541550354,690.6194173285584,0.5,0.0,0.6358311897030796,0.024000799996429123
2020-02-06 00:00:00+00:00,perfect foresight,1814.5057537326315,1814.5057537326315,0.903569,18.580925631578946,0.0,0.0,0.8010526315789492,693.5302655747369,0.49999999999999906,0.0,0.7723065549342102,0.019882000007783063
2020-02-07 00:00:00+00:00,no battery,1735.91004933,1735.91004933,0.914036,17.882567,0.0,0.0,0.0,658.3858493299999,0.5,0.0,0.5,0.033206499996595085
2020-02-07 00:00:00+00:00,rule-based,1735.91004933,1735.91004933,0.914036,17.882567,0.0,0.0,0.0,658.3858493299999,0.1,0.0,0.10000000000000002,0.0
2020-02-07 00:00:00+00:00,forecast,1738.398036435263,1818.9090413504478,1.088237631578949,17.964672263157894,0.0,0.0,1.602105263157895,651.8723019615788,0.49999999999999845,0.0,0.6552631578947367,0.02275430000736378
2020-02-07 00:00:00+00:00,forecast + actual price,1727.2535312481793,1750.2081516011292,0.914036,17.964672263157894,0.0,0.0,1.6021052631578945,641.5988049323901,0.49999999999999967,0.0,0.3209634677713337,0.02283770000212826
2020-02-07 00:00:00+00:00,forecast + actual load,1738.3459670392033,1805.9068248307326,1.0792186315789465,17.964672263157894,0.0,0.0,1.6021052631578947,651.8653275655189,0.4999999999999991,0.0,0.6547952429048342,0.020581699995091185
2020-02-07 00:00:00+00:00,forecast + actual PV,1738.398036435263,1806.533884620984,1.0882376315789475,17.964672263157894,0.0,0.0,1.6021052631578947,651.8723019615788,0.5,0.0,0.6552631578947369,0.020533999995677732
2020-02-07 00:00:00+00:00,perfect foresight,1727.2026658363156,1727.2026658363159,0.914036,17.964672263157894,0.0,0.0,1.6021052631578945,641.5479395205264,0.499999999999999,0.0,0.31885715372807005,0.020923199990647845
2020-02-08 00:00:00+00:00,no battery,1299.2435129,1299.2435129,0.791129,14.639392,0.0,0.0,0.0,416.92434789999993,0.5,0.0,0.5,0.020750800002133474
2020-02-08 00:00:00+00:00,rule-based,1299.2435129,1299.2435129,0.791129,14.639392,0.0,0.0,0.0,416.92434789999993,0.1,0.0,0.10000000000000002,0.0
2020-02-08 00:00:00+00:00,forecast,1303.4789073810216,1279.518917332661,0.7775973563601988,14.705723417208393,0.0,0.0,1.2943130383484214,414.6588894900201,0.49999999999999845,0.0,0.48627814844085576,0.025069600000279024
2020-02-08 00:00:00+00:00,forecast + actual price,1295.807297723519,1337.094218641071,0.840423040917589,14.702233795088176,0.0,0.0,1.2262206682590455,407.01871347712233,0.49999999999999967,0.0,0.6684124786548282,0.02755109999270644
2020-02-08 00:00:00+00:00,forecast + actual load,1303.361468502669,1270.4407580213747,0.7739954665792687,14.709665490836196,0.0,0.0,1.3712340134960375,414.1690936926087,0.4999999999999991,0.0,0.47226101842175455,0.020072400002391078
2020-02-08 00:00:00+00:00,forecast + actual PV,1303.4670131420755,1246.0575892425377,0.7775973563601981,14.705723417208395,0.0,0.0,1.294313038348416,414.6469952510739,0.4999999999999999,0.0,0.4872724592171074,0.021154599991859868
2020-02-08 00:00:00+00:00,perfect foresight,1295.7228978068752,1295.7228978068752,0.8400808157894742,14.70496332861842,0.0,0.0,1.279481566118424,406.66573087858546,0.49999999999999906,0.0,0.6606419245614029,0.14626240001234692
2020-02-09 00:00:00+00:00,no battery,831.75163123,831.75163123,0.746229,13.568383,0.0,0.0,0.0,13.917506229999999,0.5,0.0,0.5,0.026458899999852292
2020-02-09 00:00:00+00:00,rule-based,831.75163123,831.75163123,0.746229,13.568383,0.0,0.0,0.0,13.917506229999999,0.1,0.0,0.10000000000000002,0.0
2020-02-09 00:00:00+00:00,forecast,836.4212475873417,1141.6784396672642,0.7118228073520404,13.609435631578947,0.0,0.0,0.8010526315789506,14.693890392686646,0.49999999999999833,0.0,0.7652309392889972,0.030928099993616343
2020-02-09 00:00:00+00:00,forecast + actual price,816.4318962651483,810.8767832225694,0.8561223587805661,13.671247684623545,0.0,0.0,2.007180128167123,-12.137936862501448,0.49999999999999967,0.0,0.3202464433044558,0.021280999993905425
2020-02-09 00:00:00+00:00,forecast + actual load,836.3705700004936,1160.4284578386773,0.7089891514534855,13.609435631578947,0.0,0.0,0.8010526315789492,14.657381085331279,0.4999999999999991,0.0,0.7643624044497139,0.02025149999826681
2020-02-09 00:00:00+00:00,forecast + actual PV,836.4594519142166,1130.6501855429678,0.7058996558985549,13.609435631578947,0.0,0.0,0.8010526315789477,14.76171047682905,0.4999999999999999,0.0,0.7649711519445465,0.019866900009219535
2020-02-09 00:00:00+00:00,perfect foresight,816.2951810995565,816.2951810995567,0.8397241315789475,13.67291659098684,0.0,0.0,2.039745198486842,-12.35792541452236,0.49999999999999906,0.0,0.3175078025219296,0.02002540000830777
2020-02-10 00:00:00+00:00,no battery,1290.2308051700002,1290.23080517,0.943671,18.336717,0.0,0.0,0.0,185.30943016999998,0.5,0.0,0.5,0.025622499990276992
2020-02-10 00:00:00+00:00,rule-based,1290.2308051700002,1290.2308051700002,0.943671,18.336717,0.0,0.0,0.0,185.30943016999998,0.1,0.0,0.10000000000000002,0.0
2020-02-10 00:00:00+00:00,forecast,1286.3578608429636,1380.4673016798479,0.9185437691007373,18.392086504924492,0.0,0.0,1.0804152114753782,176.0791212790396,0.49999999999999833,0.0,0.582163675695771,0.024861400001100264
2020-02-10 00:00:00+00:00,forecast + actual price,1275.299489906842,1225.263350150037,1.149801631578947,18.418822263157892,0.0,0.0,1.602105263157895,161.2169354331579,0.49999999999999967,0.0,0.6885964912280702,0.022234499992919154
2020-02-10 00:00:00+00:00,forecast + actual load,1285.9211136701356,1402.0303246602582,0.9180750000000001,18.391125043071092,0.0,0.0,1.0616543789001036,175.73992732806957,0.49999999999999906,0.0,0.5911124871541896,0.020976799991331063
2020-02-10 00:00:00+00:00,forecast + actual PV,1286.3415652232038,1411.1738488444187,0.9205039370152412,18.39187474163179,0.0,0.0,1.0762831123536678,176.07399481551298,0.4999999999999999,0.0,0.5814150720942137,0.023133299997425638
2020-02-10 00:00:00+00:00,perfect foresight,1275.2994899068422,1275.299489906842,1.1498016315789463,18.418822263157892,0.0,0.0,1.602105263157895,161.2169354331579,0.499999999999999,0.0,0.6885964912280701,0.02602390000538435
2020-02-11 00:00:00+00:00,no battery,1392.85903857,1392.85903857,0.96281,19.273595999999998,0.0,0.0,0.0,231.62922857,0.5,0.0,0.5,0.025216900001396425
2020-02-11 00:00:00+00:00,rule-based,1392.85903857,1392.85903857,0.96281,19.273595999999998,0.0,0.0,0.0,231.62922857,0.1,0.0,0.10000000000000002,0.0
2020-02-11 00:00:00+00:00,forecast,1386.9908910225088,1573.617880148806,0.917627,19.314648631578947,0.0,0.0,0.8010526315789507,221.92173286461417,0.49999999999999833,0.0,0.7422153824144546,0.027496999988215975
2020-02-11 00:00:00+00:00,forecast + actual price,1383.693661700192,1333.751194344788,1.1138487107144943,19.355701263157897,0.0,0.0,1.602105263157895,213.57813183083,0.49999999999999967,0.0,0.6454705952228145,0.022134800005005673
2020-02-11 00:00:00+00:00,forecast + actual load,1387.0357739638382,1613.4564287625453,0.9197835785140174,19.314648631578947,0.0,0.0,0.8010526315789495,221.95583291337311,0.499999999999999,0.0,0.7432173776704246,0.022840300007374026
2020-02-11 00:00:00+00:00,forecast + actual PV,1386.9950466561622,1591.698591342113,0.917627,19.314648631578947,0.0,0.0,0.8010526315789477,221.92588849826757,0.49999999999999983,0.0,0.7420267134123941,0.0212935000017751
2020-02-11 00:00:00+00:00,perfect foresight,1383.6863726994736,1383.6863726994736,1.1067026315789485,19.355701263157897,0.0,0.0,1.602105263157895,213.60657322578945,0.499999999999999,0.0,0.645753460855263,0.01967960000911262
2020-02-12 00:00:00+00:00,no battery,1576.62960359,1576.62960359,0.949593,19.306603000000003,0.0,0.0,0.0,413.48545859,0.5,0.0,0.5,0.032792400001198985
2020-02-12 00:00:00+00:00,rule-based,1576.62960359,1576.62960359,0.949593,19.306603000000003,0.0,0.0,0.0,413.48545859,0.1,0.0,0.10000000000000002,0.0
2020-02-12 00:00:00+00:00,forecast,1566.3577757711396,1581.9373867657978,0.9363373732073421,19.38622343765753,0.0,0.0,1.553619309163585,395.3954440273238,0.49999999999999833,0.0,0.6807260798234692,0.03016350000689272
2020-02-12 00:00:00+00:00,forecast + actual price,1560.0027359402316,1556.9464565282706,1.060841080060369,19.45579934404262,0.0,0.0,2.911241482472674,381.52808693242713,0.4999999999999992,0.0,0.5263047008865546,0.0202926999918418
2020-02-12 00:00:00+00:00,forecast + actual load,1566.3599981598081,1572.1366785297766,0.9219349178282112,19.38434061633244,0.0,0.0,1.51688015458942,395.6561262815417,0.499999999999999,0.0,0.6837327500006127,0.018066099990392104
2020-02-12 00:00:00+00:00,forecast + actual PV,1566.3590479975478,1596.080608213686,0.9338627462663512,19.385740885404037,0.0,0.0,1.544203353653112,395.4568744346676,0.49999999999999983,0.0,0.6808999251079442,0.019237399988924153
2020-02-12 00:00:00+00:00,perfect foresight,1559.8164608274265,1559.8164608274265,1.048891421052632,19.459420825789472,0.0,0.0,2.9819068057894764,381.0429405632158,0.499999999999999,0.0,0.5234417362938594,0.01981810000143014
2020-02-13 00:00:00+00:00,no battery,1935.6605559500001,1935.66055595,0.967216,19.600212,0.0,0.0,0.0,754.81175595,0.5,0.0,0.5,0.034188100005849265
2020-02-13 00:00:00+00:00,rule-based,1935.6605559500001,1935.6605559500001,0.967216,19.600212,0.0,0.0,0.0,754.81175595,0.1,0.0,0.10000000000000002,0.0
2020-02-13 00:00:00+00:00,forecast,1929.8270006994412,1846.0640990672375,0.9347816328272266,19.64126463157895,0.0,0.0,0.8010526315789508,745.0751093774103,0.4999999999999984,0.0,0.7589046590495118,0.027466300001833588
2020-02-13 00:00:00+00:00,forecast + actual price,1921.6394746566125,1869.7746468427322,1.2299265990792125,19.73633388365651,0.0,0.0,2.65612188365651,725.9975648745128,0.4999999999999992,0.0,0.3744347530159178,0.02160389999335166
2020-02-13 00:00:00+00:00,forecast + actual load,1930.2245206686862,1855.239286179972,0.9149229999999999,19.64126463157895,0.0,0.0,0.8010526315789495,745.5719225107913,0.4999999999999989,0.0,0.7588392896544979,0.020501999999396503
2020-02-13 00:00:00+00:00,forecast + actual PV,1929.8434862713061,1888.8653599859852,0.9320008047971213,19.64126463157895,0.0,0.0,0.8010526315789479,745.1054990894258,0.49999999999999967,0.0,0.7589774142070883,0.021135100003448315
2020-02-13 00:00:00+00:00,perfect foresight,1921.0457473502215,1921.0457473502215,1.1153846315789486,19.73633388365651,0.0,0.0,2.65612188365651,725.9765474056233,0.499999999999999,0.0,0.3760379657894735,0.020356299995910376
2020-02-14 00:00:00+00:00,no battery,1846.8511435799999,1846.8511435799999,0.911561,19.033184,0.0,0.0,0.0,700.3022985800001,0.5,0.0,0.5,0.028362199998809956
2020-02-14 00:00:00+00:00,rule-based,1846.8511435799999,1846.8511435799999,0.911561,19.033184,0.0,0.0,0.0,700.3022985800001,0.1,0.0,0.10000000000000002,0.0
2020-02-14 00:00:00+00:00,forecast,1839.0961683168418,1858.1451245097926,1.0927596315789492,19.115289263157894,0.0,0.0,1.6021052631578947,683.5108038431579,0.49999999999999833,0.0,0.32192982456140334,0.02164710000215564
2020-02-14 00:00:00+00:00,forecast + actual price,1835.6295253247285,1830.448651535421,0.9498004836336353,19.115289263157894,0.0,0.0,1.602105263157895,680.7589565907709,0.4999999999999992,0.0,0.3463099841050785,0.026212099997792393
2020-02-14 00:00:00+00:00,forecast + actual load,1839.011901016842,1821.1128499537056,1.0806696315789464,19.115289263157894,0.0,0.0,1.602105263157895,683.486986543158,0.4999999999999989,0.0,0.32145126206140334,0.026679700007662177
2020-02-14 00:00:00+00:00,forecast + actual PV,1839.0961683168418,1898.4549302090822,1.0927596315789478,19.115289263157898,0.0,0.0,1.602105263157895,683.5108038431579,0.49999999999999967,0.0,0.3219298245614035,0.020792299997992814
2020-02-14 00:00:00+00:00,perfect foresight,1835.5649374744737,1835.5649374744737,0.9319538157894732,19.115289263157894,0.0,0.0,1.602105263157895,680.7836020797367,0.499999999999999,0.0,0.3456836754385962,0.02148680000391323
2020-02-15 00:00:00+00:00,no battery,1132.6524317100002,1132.65243171,0.799215,14.308088999999999,0.0,0.0,0.0,270.17101671,0.5,0.0,0.5,0.022470399999292567
2020-02-15 00:00:00+00:00,rule-based,1132.6524317100002,1132.6524317100002,0.799215,14.308088999999999,0.0,0.0,0.0,270.17101671,0.1,0.0,0.10000000000000002,0.0
2020-02-15 00:00:00+00:00,forecast,1133.7205707261662,1469.4106540143252,0.772638,14.366428961078768,0.0,0.0,1.1383771892548942,265.5948886829303,0.49999999999999833,0.0,0.48824578855286865,0.027757499992731027
2020-02-15 00:00:00+00:00,forecast + actual price,1123.3402424994736,1244.8353954619138,1.0138066315789467,14.349141631578949,0.0,0.0,0.8010526315789459,255.72060618368425,0.4999999999999992,0.0,0.2499999999999997,0.024232499999925494
2020-02-15 00:00:00+00:00,forecast + actual load,1133.8162668307566,1420.8536474973,0.772638,14.365793365254554,0.0,0.0,1.1259749220183322,265.7535250714467,0.4999999999999988,0.0,0.4891200201675738,0.0221729999902891
2020-02-15 00:00:00+00:00,forecast + actual PV,1133.5506310111248,1376.0050605106917,0.7791569315303869,14.367315917403161,0.0,0.0,1.155684208815509,265.304522891652,0.49999999999999956,0.0,0.48536030402126,0.022434200000134297
2020-02-15 00:00:00+00:00,perfect foresight,1123.3402424994736,1123.3402424994736,1.0138066315789462,14.349141631578947,0.0,0.0,0.8010526315789455,255.72060618368425,0.499999999999999,0.0,0.24999999999999964,0.024118599991197698
2020-02-16 00:00:00+00:00,no battery,745.2802056900001,745.28020569,0.752825,14.437898,0.0,0.0,0.0,-124.75779931,0.5,0.0,0.5,0.02311579999513924
2020-02-16 00:00:00+00:00,rule-based,745.2802056900001,745.2802056900001,0.752825,14.437898,0.0,0.0,0.0,-124.75779931,0.1,0.0,0.10000000000000002,0.0
2020-02-16 00:00:00+00:00,forecast,750.0657232580484,876.8249655935193,0.8051582158225652,14.478950631578947,0.0,0.0,0.8010526315789439,-124.29921097895912,0.4999999999999983,0.0,0.43124082413736914,0.024041500000748783
2020-02-16 00:00:00+00:00,forecast + actual price,725.0758096373685,695.2426146302656,1.04279,14.561055894736842,0.0,0.0,2.403157894736841,-158.60780983631577,0.4999999999999992,0.0,0.4916118421052629,0.02099090001138393
2020-02-16 00:00:00+00:00,forecast + actual load,750.0198342747367,856.0453926539408,0.7999942105263155,14.478950631578947,0.0,0.0,0.8010526315789452,-124.31927993578947,0.499999999999999,0.0,0.43140115208333235,0.024348899998585694
2020-02-16 00:00:00+00:00,forecast + actual PV,750.0657232580485,939.2039689599835,0.8051582158225656,14.478950631578947,0.0,0.0,0.8010526315789465,-124.29921097895914,0.49999999999999956,0.0,0.4312408241373702,0.024479699990479276
2020-02-16 00:00:00+00:00,perfect foresight,725.0758096373685,725.0758096373685,1.04279,14.561055894736842,0.0,0.0,2.4031578947368404,-158.60780983631577,0.499999999999999,0.0,0.4916118421052629,0.02129009999043774
2020-02-17 00:00:00+00:00,no battery,1517.64464633,1517.64464633,0.925673,18.355244,0.0,0.0,0.0,411.70164133000003,0.5,0.0,0.5,0.021487999998498708
2020-02-17 00:00:00+00:00,rule-based,1517.64464633,1517.64464633,0.925673,18.355244,0.0,0.0,0.0,411.70164133000003,0.1,0.0,0.10000000000000002,0.0
2020-02-17 00:00:00+00:00,forecast,1499.0397357835595,1073.8587032155024,1.1431826665971025,18.470177188151112,0.0,0.0,2.2426706713588827,380.6278498187896,0.4999999999999982,0.0,0.601443807402316,0.022108699995442294
2020-02-17 00:00:00+00:00,forecast + actual price,1491.3440865931577,1409.8024577293365,1.1422726315789467,18.437349263157895,0.0,0.0,1.602105263157895,376.1875571194737,0.4999999999999992,0.0,0.7219298245614034,0.023803799995221198
2020-02-17 00:00:00+00:00,forecast + actual load,1499.6703003036096,1103.711161843759,1.1877521447563961,18.474522712271643,0.0,0.0,2.327464103556938,380.605248636415,0.499999999999999,0.0,0.5890943478290117,0.02154790000349749
2020-02-17 00:00:00+00:00,forecast + actual PV,1498.105645539373,1103.260827166043,1.105977631578947,18.462204173116312,0.0,0.0,2.087094660038787,380.6693176744219,0.49999999999999956,0.0,0.624102162095234,0.018989399992278777
2020-02-17 00:00:00+00:00,perfect foresight,1491.3440865931577,1491.344086593158,1.1422726315789462,18.437349263157895,0.0,0.0,1.602105263157895,376.1875571194737,0.499999999999999,0.0,0.7219298245614034,0.019118900003377348
2020-02-18 00:00:00+00:00,no battery,1536.7394624800002,1536.73946248,0.933538,18.436294999999998,0.0,0.0,0.0,425.89407248,0.5,0.0,0.5,0.027664500012178905
2020-02-18 00:00:00+00:00,rule-based,1536.7394624800002,1536.7394624800002,0.933538,18.436294999999998,0.0,0.0,0.0,425.89407248,0.1,0.0,0.10000000000000002,0.0
2020-02-18 00:00:00+00:00,forecast,1530.1125927872672,1583.4181472312778,0.8872869999999999,18.49447534472195,0.0,0.0,1.1352626239334158,413.7371118560833,0.49999999999999833,0.0,0.7344989446030068,0.027044199989177287
2020-02-18 00:00:00+00:00,forecast + actual price,1518.7795472385428,1515.2406854625433,0.9701026429964302,18.600505526315786,0.0,0.0,3.20421052631579,391.4902813919816,0.49999999999999917,0.0,0.4938990072192333,0.019401999990805052
2020-02-18 00:00:00+00:00,forecast + actual load,1530.021540369038,1610.1492995590102,0.8918781704521102,18.496500394522563,0.0,0.0,1.174777057222274,413.42257173097914,0.499999999999999,0.0,0.7307164177977225,0.019370199996046722
2020-02-18 00:00:00+00:00,forecast + actual PV,1530.1836748497092,1555.6447113473507,0.8953052422473512,18.495468821572967,0.0,0.0,1.1546481594109692,413.66972302527233,0.4999999999999995,0.0,0.732388140104509,0.021596199992927723
2020-02-18 00:00:00+00:00,perfect foresight,1518.572184213158,1518.572184213158,0.9184968157894732,18.60050552631579,0.0,0.0,3.20421052631579,391.5409475026316,0.499999999999999,0.0,0.49869976754385936,0.023138200005632825
2020-02-19 00:00:00+00:00,no battery,1700.28124832,1700.28124832,0.916408,18.478688000000002,0.0,0.0,0.0,586.97792832,0.5,0.0,0.5,0.02372810000088066
2020-02-19 00:00:00+00:00,rule-based,1700.28124832,1700.28124832,0.916408,18.478688000000002,0.0,0.0,0.0,586.97792832,0.1,0.0,0.10000000000000002,0.0
2020-02-19 00:00:00+00:00,forecast,1695.7760367691292,1706.9895838365903,0.882082,18.533600742961177,0.0,0.0,1.0715024972681069,577.2065771969221,0.49999999999999833,0.0,0.7454461524531579,0.02309209998929873
2020-02-19 00:00:00+00:00,forecast + actual price,1694.415586558348,1646.5920075289825,0.9084585170612147,18.581617778510406,0.0,0.0,2.008450293497929,570.9593266754217,0.4999999999999991,0.0,0.6337533390778171,0.02435539998987224
2020-02-19 00:00:00+00:00,forecast + actual load,1695.807226045544,1730.3054555546505,0.882082,18.53443011389542,0.0,0.0,1.0876858634465836,577.1556374849254,0.4999999999999989,0.0,0.7455720093222934,0.021070799994049594
2020-02-19 00:00:00+00:00,forecast + actual PV,1695.804775330991,1732.0906072161358,0.882082,18.53417296479904,0.0,0.0,1.0826681592838816,577.1786511244807,0.4999999999999995,0.0,0.7456534895985903,0.02090930000122171
2020-02-19 00:00:00+00:00,perfect foresight,1694.4038041273184,1694.4038041273184,0.9079683157894732,18.583086083947368,0.0,0.0,2.0371010739473676,570.8045953636342,0.499999999999999,0.0,0.6306438566885965,0.02154230000451207
2020-02-20 00:00:00+00:00,no battery,1651.4466832,1651.4466832,0.931802,18.637347,0.0,0.0,0.0,528.5468532,0.5,0.0,0.5,0.027379100007237867
2020-02-20 00:00:00+00:00,rule-based,1651.4466832,1651.4466832,0.931802,18.637347,0.0,0.0,0.0,528.5468532,0.1,0.0,0.10000000000000002,0.0
2020-02-20 00:00:00+00:00,forecast,1650.4529142447525,1824.7715798445015,0.9082709002963311,18.692360402748545,0.0,0.0,1.0734666536318218,522.2230022710946,0.49999999999999833,0.0,0.7235805113516868,0.028330300003290176
2020-02-20 00:00:00+00:00,forecast + actual price,1643.3417627260096,1617.8277632263823,0.931802,18.719452263157894,0.0,0.0,1.602105263157895,512.31140641022,0.4999999999999991,0.0,0.30608515120004753,0.029375600002822466
2020-02-20 00:00:00+00:00,forecast + actual load,1650.0720395968901,1812.8623033623926,0.88893,18.69475407721435,0.0,0.0,1.1201739938492243,521.7017969763308,0.4999999999999989,0.0,0.7192229067704802,0.02148250000027474
2020-02-20 00:00:00+00:00,forecast + actual PV,1650.528421294984,1865.907029992227,0.9119303586137687,18.69187393078688,0.0,0.0,1.0639742135593406,522.3283852275837,0.4999999999999994,0.0,0.7245640710305707,0.023392600007355213
2020-02-20 00:00:00+00:00,perfect foresight,1643.3246402886841,1643.3246402886841,0.9252998157894732,18.719452263157898,0.0,0.0,1.602105263157895,512.3267948939474,0.499999999999999,0.0,0.31005436409279785,0.02131500000541564
2020-02-21 00:00:00+00:00,no battery,1470.39878562,1470.3987856200001,0.886695,17.230542999999997,0.0,0.0,0.0,432.13273061999996,0.5,0.0,0.5,0.027304100003675558
2020-02-21 00:00:00+00:00,rule-based,1470.39878562,1470.39878562,0.886695,17.230542999999997,0.0,0.0,0.0,432.13273061999996,0.1,0.0,0.10000000000000002,0.0
2020-02-21 00:00:00+00:00,forecast,1458.1068850936842,1565.1039789309093,1.092409631578949,17.312648263157893,0.0,0.0,1.602105263157895,410.68173062,0.49999999999999833,0.0,0.3280701754385963,0.02724579999630805
2020-02-21 00:00:00+00:00,forecast + actual price,1455.1999647721436,1525.7524998186914,0.9004272390253276,17.333518326942766,0.0,0.0,2.009339071883224,406.6680508166845,0.49999999999999917,0.0,0.3871319334780128,0.023576999999932013
2020-02-21 00:00:00+00:00,forecast + actual load,1458.0250845464518,1575.0928656726494,1.0778326315789464,17.312648263157897,0.0,0.0,1.602105263157895,410.67281507276743,0.4999999999999989,0.0,0.3286893106630771,0.030566999994334765
2020-02-21 00:00:00+00:00,forecast + actual PV,1458.1068850936842,1481.7984925540375,1.092409631578948,17.312648263157897,0.0,0.0,1.602105263157895,410.68173062,0.49999999999999933,0.0,0.32807017543859646,0.024699000001419336
2020-02-21 00:00:00+00:00,perfect foresight,1454.9752913122416,1454.9752913122416,0.8946088157894733,17.34803050769737,0.0,0.0,2.2925126501973674,405.03539147105727,0.4999999999999991,0.0,0.42274206414473675,0.023703899991232902
2020-02-22 00:00:00+00:00,no battery,873.3234131,873.3234131,0.787177,14.869526,0.0,0.0,0.0,-22.784031900000002,0.5,0.0,0.5,0.029433400006382726
2020-02-22 00:00:00+00:00,rule-based,873.3234131,873.3234131,0.787177,14.869526,0.0,0.0,0.0,-22.784031900000002,0.1,0.0,0.10000000000000002,0.0
2020-02-22 00:00:00+00:00,forecast,878.307194819803,1117.233888132256,0.8281662213176324,14.951631263157894,0.0,0.0,1.602105263157895,-26.135722602574646,0.49999999999999833,0.0,0.4470436763463687,0.026424499999848194
2020-02-22 00:00:00+00:00,forecast + actual price,869.2528784873748,858.7364584145799,0.8399121730979923,14.966591301193038,0.0,0.0,1.8940178002026067,-36.73019605010265,0.49999999999999917,0.0,0.3511096539828055,0.020903999989968725
2020-02-22 00:00:00+00:00,forecast + actual load,878.3064377284211,1118.3079816544357,0.8236113157894731,14.951631263157896,0.0,0.0,1.602105263157895,-26.113705166315786,0.4999999999999989,0.0,0.44709252521929826,0.02994389999366831
2020-02-22 00:00:00+00:00,forecast + actual PV,878.307194819803,1132.0057748271163,0.828166221317633,14.951631263157896,0.0,0.0,1.602105263157895,-26.13572260257465,0.49999999999999933,0.0,0.4470436763463687,0.022260300000198185
2020-02-22 00:00:00+00:00,perfect foresight,868.9027089402103,868.9027089402103,0.7474569132720101,14.957534048676083,0.0,0.0,1.7172852574999964,-35.721189061714696,0.4999999999999991,0.0,0.40317129817458036,0.02257459999236744
2020-02-23 00:00:00+00:00,no battery,1024.18463726,1024.18463726,0.75692,15.066998,0.0,0.0,0.0,116.38015726,0.5,0.0,0.5,0.02797419999842532
2020-02-23 00:00:00+00:00,rule-based,1024.18463726,1024.18463726,0.75692,15.066998,0.0,0.0,0.0,116.38015726,0.1,0.0,0.10000000000000002,0.0
2020-02-23 00:00:00+00:00,forecast,1027.030324656257,841.6405312037975,0.9149743723181564,15.108050631578948,0.0,0.0,0.8010526315789508,114.37030963677154,0.49999999999999833,0.0,0.650082437838834,0.022190000003320165
2020-02-23 00:00:00+00:00,forecast + actual price,1013.994347461896,882.4069844461845,1.0347336315789466,15.149103263157894,0.0,0.0,1.6021052631578947,96.67027298821188,0.49999999999999917,0.0,0.4326915370998077,0.022828400004073046
2020-02-23 00:00:00+00:00,forecast + actual load,1027.0902413674944,858.8693716466894,0.9136444116824098,15.108050631578946,0.0,0.0,0.8010526315789496,114.43687615118772,0.4999999999999989,0.0,0.6511832861987551,0.02087059999757912
2020-02-23 00:00:00+00:00,forecast + actual PV,1022.9090928225539,932.8895092486318,0.7226016866588679,15.108050631578946,0.0,0.0,0.8010526315789488,111.21094123136491,0.49999999999999933,0.0,0.7013648219498906,0.020822300008148886
2020-02-23 00:00:00+00:00,perfect foresight,1013.9090001547368,1013.9090001547368,1.0347336315789466,15.149103263157894,0.0,0.0,1.602105263157895,96.58492568105262,0.4999999999999991,0.0,0.4280701754385963,0.023078400001395494
2020-02-24 00:00:00+00:00,no battery,1604.8357219400002,1604.83572194,0.904629,17.775438,0.0,0.0,0.0,533.78629694,0.5,0.0,0.5,0.030689499995787628
2020-02-24 00:00:00+00:00,rule-based,1604.8357219400002,1604.8357219400002,0.904629,17.775438,0.0,0.0,0.0,533.78629694,0.1,0.0,0.10000000000000002,0.0
2020-02-24 00:00:00+00:00,forecast,1595.2830531814802,1412.4182092019278,0.8832542551688528,17.816490631578947,0.0,0.0,0.8010526315789507,520.275238747741,0.4999999999999984,0.0,0.7789671956986005,0.022386600001482293
2020-02-24 00:00:00+00:00,forecast + actual price,1581.4154569379825,1638.869653065928,0.9202870883880607,17.857543263157893,0.0,0.0,1.6021052631578947,502.1572151802528,0.4999999999999991,0.0,0.36464281775149504,0.022720699998899363
2020-02-24 00:00:00+00:00,forecast + actual load,1595.2320724421493,1359.3607279099406,0.8639410000000001,17.816490631578947,0.0,0.0,0.8010526315789497,520.3208242842546,0.4999999999999989,0.0,0.7781542327415713,0.01964830000360962
2020-02-24 00:00:00+00:00,forecast + actual PV,1595.3250607323225,1420.0519235453244,0.8944978705040231,17.816490631578947,0.0,0.0,0.8010526315789488,520.2610282219074,0.49999999999999917,0.0,0.7793765389438714,0.02374549998785369
2020-02-24 00:00:00+00:00,perfect foresight,1581.3568954931577,1581.3568954931577,0.904629,17.857543263157893,0.0,0.0,1.602105263157895,502.1769441773684,0.49999999999999906,0.0,0.3641004796052631,0.021036000005551614
2020-02-25 00:00:00+00:00,no battery,1526.41006755,1526.41006755,0.904875,17.775744000000003,0.0,0.0,0.0,455.34105255,0.5,0.0,0.5,0.029569200007244945
2020-02-25 00:00:00+00:00,rule-based,1526.41006755,1526.41006755,0.904875,17.775744000000003,0.0,0.0,0.0,455.34105255,0.1,0.0,0.10000000000000002,0.0
2020-02-25 00:00:00+00:00,forecast,1521.5480815897563,1513.9854926282462,0.8652801660019134,17.8488806249332,0.0,0.0,1.4271018352350753,443.43463959328426,0.4999999999999982,0.0,0.6438996852625306,0.025167499989038333
2020-02-25 00:00:00+00:00,forecast + actual price,1518.3115995833562,1557.3241842038506,0.8672944480223195,17.833820569327226,0.0,0.0,1.1332376732825897,441.6794178370457,0.4999999999999991,0.0,0.7385408659410446,0.021096199998282827
2020-02-25 00:00:00+00:00,forecast + actual load,1521.37593552674,1495.3674136684663,0.859978,17.847651444482207,0.0,0.0,1.4031170577169245,443.41072474237376,0.4999999999999989,0.0,0.6533016853229102,0.14401079999515787
2020-02-25 00:00:00+00:00,forecast + actual PV,1521.7538316190512,1493.096849583307,0.8755087876092217,17.850800534529945,0.0,0.0,1.4645646865970987,443.3991262360144,0.4999999999999991,0.0,0.6316695431413747,0.020132199992076494
2020-02-25 00:00:00+00:00,perfect foresight,1518.296313584543,1518.296313584543,0.859978,17.834610988919664,0.0,0.0,1.1486609889196675,441.6224422715235,0.49999999999999906,0.0,0.7359462188596492,0.02039380000496749
2020-02-26 00:00:00+00:00,no battery,1703.87218359,1703.87218359,0.921513,18.397623000000003,0.0,0.0,0.0,595.40723859,0.5,0.0,0.5,0.027280700000119396
2020-02-26 00:00:00+00:00,rule-based,1703.87218359,1703.87218359,0.921513,18.397623000000003,0.0,0.0,0.0,595.40723859,0.1,0.0,0.10000000000000002,0.0
2020-02-26 00:00:00+00:00,forecast,1702.2936890797982,1759.7796928267512,0.880763,18.43867563157895,0.0,0.0,0.801052631578951,589.9672309219034,0.49999999999999817,0.0,0.7894326813199797,0.02289829999790527
2020-02-26 00:00:00+00:00,forecast + actual price,1701.8613603122092,1655.9645211121638,0.8918097891905208,18.45339038789272,0.0,0.0,1.0881790304195256,588.0225300318543,0.4999999999999991,0.0,0.7335397165619048,0.022876400005770847
2020-02-26 00:00:00+00:00,forecast + actual load,1702.2913902750356,1788.932888863713,0.880763,18.43867563157895,0.0,0.0,0.8010526315789497,589.9649321171407,0.49999999999999883,0.0,0.7894466771644928,0.022025300000677817
2020-02-26 00:00:00+00:00,forecast + actual PV,1702.280232440029,1779.9958427683694,0.880763,18.43867563157895,0.0,0.0,0.8010526315789492,589.9537742821344,0.4999999999999991,0.0,0.7892216717448113,0.021206099991104566
2020-02-26 00:00:00+00:00,perfect foresight,1701.844741087291,1701.844741087291,0.880763,18.45356904907895,0.0,0.0,1.0916652140789491,588.0434527143962,0.49999999999999906,0.0,0.7329087338815786,0.02138079999713227
2020-02-27 00:00:00+00:00,no battery,1884.76161251,1884.7616125099998,0.933486,18.967647999999997,0.0,0.0,0.0,742.0353025100001,0.5,0.0,0.5,0.028638499992666766
2020-02-27 00:00:00+00:00,rule-based,1884.76161251,1884.76161251,0.933486,18.967647999999997,0.0,0.0,0.0,742.0353025100001,0.1,0.0,0.10000000000000002,0.0
2020-02-27 00:00:00+00:00,forecast,1881.0481860539633,1834.9302955094706,0.915147,19.008700631578947,0.0,0.0,0.801052631578951,734.3483078960685,0.49999999999999817,0.0,0.7737201718082319,0.027003099996363744
2020-02-27 00:00:00+00:00,forecast + actual price,1872.4387456075385,1803.2269546573345,0.9411333449849868,19.049753263157896,0.0,0.0,1.602105263157895,721.543672566824,0.4999999999999991,0.0,0.6393752153422696,0.025081800005864352
2020-02-27 00:00:00+00:00,forecast + actual load,1880.8630239250635,1868.8676344165926,0.9027979672030982,19.008700631578947,0.0,0.0,0.8010526315789497,734.2248909311531,0.49999999999999883,0.0,0.7719223837654864,0.024324400001205504
2020-02-27 00:00:00+00:00,forecast + actual PV,1880.7635658975548,1869.703019599018,0.895665669522107,19.008700631578947,0.0,0.0,0.8010526315789492,734.1610943920494,0.49999999999999906,0.0,0.7713857850460522,0.021794299987959675
2020-02-27 00:00:00+00:00,perfect foresight,1872.4282356910526,1872.4282356910526,0.9401043157894731,19.049753263157896,0.0,0.0,1.602105263157895,721.5383077963158,0.499999999999999,0.0,0.6402383683114033,0.020086700009414926
2020-02-28 00:00:00+00:00,no battery,1591.4948447900001,1591.4948447900001,0.8893139999999999,17.556858,0.0,0.0,0.0,533.63679479,0.5,0.0,0.5,0.02013499999884516
2020-02-28 00:00:00+00:00,rule-based,1591.4948447900001,1591.4948447900001,0.8893139999999999,17.556858,0.0,0.0,0.0,533.63679479,0.1,0.0,0.10000000000000002,0.0
2020-02-28 00:00:00+00:00,forecast,1582.649571559525,1822.4492865218795,1.0983659021839647,17.638963263157894,0.0,0.0,1.6021052631578947,515.6157357328157,0.4999999999999981,0.0,0.6616006626438145,0.02832549999584444
2020-02-28 00:00:00+00:00,forecast + actual price,1578.7719582016177,1667.0195516706315,1.0971114191656546,17.638963263157894,0.0,0.0,1.602105263157895,511.74439479,0.4999999999999991,0.0,0.28926850588609626,0.021442700002808124
2020-02-28 00:00:00+00:00,forecast + actual load,1582.5760439036842,1772.816571761532,1.082134631578946,17.638963263157898,0.0,0.0,1.602105263157895,515.62336443,0.4999999999999988,0.0,0.6622431504385965,0.01962920000369195
2020-02-28 00:00:00+00:00,forecast + actual PV,1582.649571559525,1772.051521678167,1.0983659021839656,17.638963263157894,0.0,0.0,1.6021052631578945,515.6157357328157,0.499999999999999,0.0,0.6616006626438146,0.021685499988961965
2020-02-28 00:00:00+00:00,perfect foresight,1578.6970742636843,1578.6970742636843,1.0821346315789464,17.638963263157894,0.0,0.0,1.6021052631578947,511.74439479000006,0.499999999999999,0.0,0.28986133706140343,0.026118900001165457
2020-02-29 00:00:00+00:00,no battery,1012.2418663500001,1012.24186635,0.786869,14.628973,0.0,0.0,0.0,130.56914135,0.5,0.0,0.5,0.02947219999623485
2020-02-29 00:00:00+00:00,rule-based,1012.2418663500001,1012.2418663500001,0.786869,14.628973,0.0,0.0,0.0,130.56914135,0.1,0.0,0.10000000000000002,0.0
2020-02-29 00:00:00+00:00,forecast,1013.1656588856503,967.5012834903238,0.9976442231724751,14.711078263157896,0.0,0.0,1.6021052631578947,122.30853145399857,0.4999999999999981,0.0,0.6228342407274928,0.029541899988544174
2020-02-29 00:00:00+00:00,forecast + actual price,1009.8973537184212,1010.182947801068,0.9839896315789465,14.670025631578948,0.0,0.0,0.8010526315789457,123.17376240263158,0.4999999999999991,0.0,0.24999999999999967,0.02112669999769423
2020-02-29 00:00:00+00:00,forecast + actual load,1013.0994610415299,958.8406272412444,0.9839896315789461,14.711078263157894,0.0,0.0,1.6021052631578945,122.31060656784567,0.4999999999999988,0.0,0.6236556399586412,0.02008019998902455
2020-02-29 00:00:00+00:00,forecast + actual PV,1013.2004319653506,976.8076544326161,1.004740770050061,14.711078263157894,0.0,0.0,1.602105263157895,122.3078217993108,0.499999999999999,0.0,0.6225533357469218,0.023363600004813634
2020-02-29 00:00:00+00:00,perfect foresight,1009.8973537184212,1009.8973537184211,0.9839896315789464,14.670025631578948,0.0,0.0,0.8010526315789455,123.17376240263158,0.499999999999999,0.0,0.24999999999999964,0.019582299995818175
